2026-05-11 13:56:57.859 -0500 [debug] (configs.js) loaded default configs as "{"updates":{"manifest_url":"https://cdn.freshdev.io/assets/fdk/updates.json","changelog_url":"https://cdn.freshdev.io/assets/fdk/change-log.json","period":24},"log":{"level":"info"},"javascript":{"ecma_version":2020},"request":{"timeout":15000,"maxFilesPerRequest":5},"global_apps":{"enabled":true},"easel":{"enabled":false},"job":{"timeout":120000}}"
2026-05-11 13:56:57.861 -0500 [debug] (configs.js) loaded global configs as "{"global_apps":{"enabled":"true"}}"
2026-05-11 13:56:57.861 -0500 [debug] (file.js) Error while requiring C:\Users\ElliottVanDenEng\OneDrive - Pro Serve CS\Documents\Projects\FreshcallerApp\.fdk\configs.json: Cannot find module 'C:\Users\ElliottVanDenEng\OneDrive - Pro Serve CS\Documents\Projects\FreshcallerApp\.fdk\configs.json'
Require stack:
- C:\Users\ElliottVanDenEng\AppData\Roaming\npm\node_modules\@freshworks\fdk\lib\utils\file.js
- C:\Users\ElliottVanDenEng\AppData\Roaming\npm\node_modules\@freshworks\fdk\lib\configs.js
- C:\Users\ElliottVanDenEng\AppData\Roaming\npm\node_modules\@freshworks\fdk\lib\logger.js
- C:\Users\ElliottVanDenEng\AppData\Roaming\npm\node_modules\@freshworks\fdk\index.js
2026-05-11 13:56:57.861 -0500 [debug] (file.js) Error while requiring C:\Users\ElliottVanDenEng\OneDrive - Pro Serve CS\Documents\Projects\FreshcallerApp\.fdk\configs.json: Cannot find module 'C:\Users\ElliottVanDenEng\OneDrive - Pro Serve CS\Documents\Projects\FreshcallerApp\.fdk\configs.json'
Require stack:
- C:\Users\ElliottVanDenEng\AppData\Roaming\npm\node_modules\@freshworks\fdk\lib\utils\file.js
- C:\Users\ElliottVanDenEng\AppData\Roaming\npm\node_modules\@freshworks\fdk\lib\configs.js
- C:\Users\ElliottVanDenEng\AppData\Roaming\npm\node_modules\@freshworks\fdk\lib\logger.js
- C:\Users\ElliottVanDenEng\AppData\Roaming\npm\node_modules\@freshworks\fdk\index.js
2026-05-11 13:56:57.861 -0500 [debug] (configs.js) loaded local configs as "{}"
2026-05-11 13:56:57.861 -0500 [debug] (configs.js) loaded env configs as "{"updates":{},"log":{},"javascript":{},"request":{"timeout":15000,"maxFilesPerRequest":5},"job":{"timeout":120000}}"
2026-05-11 13:56:57.861 -0500 [debug] (configs.js) loaded resolved configs as "{"updates":{"manifest_url":"https://cdn.freshdev.io/assets/fdk/updates.json","changelog_url":"https://cdn.freshdev.io/assets/fdk/change-log.json","period":24},"log":{"level":"info"},"javascript":{"ecma_version":2020},"request":{"timeout":15000,"maxFilesPerRequest":5},"global_apps":{"enabled":"true"},"easel":{"enabled":false},"job":{"timeout":120000}}"
2026-05-11 13:56:57.861 -0500 [debug] (logger.js) Starting FDK in node v24.11.0 on win32
2026-05-11 13:56:57.861 -0500 [debug] (sequelize.js) setting up sqilite at "C:\Users\ElliottVanDenEng\OneDrive - Pro Serve CS\Documents\Projects\FreshcallerApp/.fdk/store.sqlite"
2026-05-11 13:56:57.861 -0500 [debug] (data.js) Read {"version_details":{"cli":{"deprecated":{"version":"<9","message":"This FDK version has been deprecated. There will be no further feature updates to this version. For a seamless app-building experience, ensure to move to the latest FDK version. For more information, see https://developers.freshworks.com/docs/app-sdk/v2.3/freshdesk/migration-guide/#migrate-to-the-latest-platform-version."},"forced":{"version":"7.0.0","command":"npm install https://dl.freshdev.io/cli/fdk-7.0.0.tgz -g","message":"Your FDK version has been forced updated to v7.0.0, please visit https://community.developers.freshworks.com/t/fdk-v7-0-announcing-node-js-v12-and-es6-support/3606 to know more"},"latest":{"version":"10.1.1","command":"npm install https://cdn.freshdev.io/fdk/latest-v24.tgz -g","message":"You are on the latest FDK version. For information on the features available as part of this FDK version, see https://developers.freshworks.com/docs/?tab=modules."}},"addon":{"version":"2.2.7","url":"https://cdn.freshdev.io/assets/fdk/addons/addon.zip"}},"last_updated":{"time_stamp":1776895007160}}
2026-05-11 13:56:57.862 -0500 [debug] (updater.js) last check more than 24 hours ago, looking for updates again
2026-05-11 13:56:57.995 -0500 [debug] (updater.js) downloaded update manifest as {"cli":{"deprecated":{"version":"<9","message":"This FDK version has been deprecated. There will be no further feature updates to this version. For a seamless app-building experience, ensure to move to the latest FDK version. For more information, see https://developers.freshworks.com/docs/app-sdk/v2.3/freshdesk/migration-guide/#migrate-to-the-latest-platform-version."},"forced":{"version":"7.0.0","command":"npm install https://dl.freshdev.io/cli/fdk-7.0.0.tgz -g","message":"Your FDK version has been forced updated to v7.0.0, please visit https://community.developers.freshworks.com/t/fdk-v7-0-announcing-node-js-v12-and-es6-support/3606 to know more"},"latest":{"version":"10.1.2","command":"npm install https://cdn.freshdev.io/fdk/latest-v24.tgz -g","message":"You are on the latest FDK version. For information on the features available as part of this FDK version, see https://developers.freshworks.com/docs/?tab=modules."}},"addon":{"version":"2.2.7","url":"https://cdn.freshdev.io/assets/fdk/addons/addon.zip"}}
2026-05-11 13:56:57.995 -0500 [debug] (data.js) Read {"version_details":{"cli":{"deprecated":{"version":"<9","message":"This FDK version has been deprecated. There will be no further feature updates to this version. For a seamless app-building experience, ensure to move to the latest FDK version. For more information, see https://developers.freshworks.com/docs/app-sdk/v2.3/freshdesk/migration-guide/#migrate-to-the-latest-platform-version."},"forced":{"version":"7.0.0","command":"npm install https://dl.freshdev.io/cli/fdk-7.0.0.tgz -g","message":"Your FDK version has been forced updated to v7.0.0, please visit https://community.developers.freshworks.com/t/fdk-v7-0-announcing-node-js-v12-and-es6-support/3606 to know more"},"latest":{"version":"10.1.1","command":"npm install https://cdn.freshdev.io/fdk/latest-v24.tgz -g","message":"You are on the latest FDK version. For information on the features available as part of this FDK version, see https://developers.freshworks.com/docs/?tab=modules."}},"addon":{"version":"2.2.7","url":"https://cdn.freshdev.io/assets/fdk/addons/addon.zip"}},"last_updated":{"time_stamp":1776895007160}}
2026-05-11 13:56:57.996 -0500 [debug] (data.js) Read {"version_details":{"cli":{"deprecated":{"version":"<9","message":"This FDK version has been deprecated. There will be no further feature updates to this version. For a seamless app-building experience, ensure to move to the latest FDK version. For more information, see https://developers.freshworks.com/docs/app-sdk/v2.3/freshdesk/migration-guide/#migrate-to-the-latest-platform-version."},"forced":{"version":"7.0.0","command":"npm install https://dl.freshdev.io/cli/fdk-7.0.0.tgz -g","message":"Your FDK version has been forced updated to v7.0.0, please visit https://community.developers.freshworks.com/t/fdk-v7-0-announcing-node-js-v12-and-es6-support/3606 to know more"},"latest":{"version":"10.1.1","command":"npm install https://cdn.freshdev.io/fdk/latest-v24.tgz -g","message":"You are on the latest FDK version. For information on the features available as part of this FDK version, see https://developers.freshworks.com/docs/?tab=modules."}},"addon":{"version":"2.2.7","url":"https://cdn.freshdev.io/assets/fdk/addons/addon.zip"}},"last_updated":{"time_stamp":1776895007160}}
2026-05-11 13:56:57.997 -0500 [debug] (data.js) Read {"version_details":{"cli":{"deprecated":{"version":"<9","message":"This FDK version has been deprecated. There will be no further feature updates to this version. For a seamless app-building experience, ensure to move to the latest FDK version. For more information, see https://developers.freshworks.com/docs/app-sdk/v2.3/freshdesk/migration-guide/#migrate-to-the-latest-platform-version."},"forced":{"version":"7.0.0","command":"npm install https://dl.freshdev.io/cli/fdk-7.0.0.tgz -g","message":"Your FDK version has been forced updated to v7.0.0, please visit https://community.developers.freshworks.com/t/fdk-v7-0-announcing-node-js-v12-and-es6-support/3606 to know more"},"latest":{"version":"10.1.2","command":"npm install https://cdn.freshdev.io/fdk/latest-v24.tgz -g","message":"You are on the latest FDK version. For information on the features available as part of this FDK version, see https://developers.freshworks.com/docs/?tab=modules."}},"addon":{"version":"2.2.7","url":"https://cdn.freshdev.io/assets/fdk/addons/addon.zip"}},"last_updated":{"time_stamp":1776895007160}}
2026-05-11 13:57:13.850 -0500 [debug] (updater.js) user responded to update prompt with "true"
2026-05-11 14:07:50.998 -0500 [debug] (configs.js) loaded default configs as "{"updates":{"manifest_url":"https://cdn.freshdev.io/assets/fdk/updates.json","changelog_url":"https://cdn.freshdev.io/assets/fdk/change-log.json","period":24},"log":{"level":"info"},"javascript":{"ecma_version":2020},"request":{"timeout":15000,"maxFilesPerRequest":5},"global_apps":{"enabled":true},"easel":{"enabled":false},"job":{"timeout":120000}}"
2026-05-11 14:07:51.000 -0500 [debug] (configs.js) loaded global configs as "{"global_apps":{"enabled":"true"}}"
2026-05-11 14:07:51.000 -0500 [debug] (configs.js) loaded local configs as "{"request":{"timeout":15000},"job":{"timeout":120000},"global_apps":{"enabled":"true"}}"
2026-05-11 14:07:51.000 -0500 [debug] (configs.js) loaded env configs as "{"updates":{},"log":{},"javascript":{},"request":{"timeout":15000,"maxFilesPerRequest":5},"job":{"timeout":120000}}"
2026-05-11 14:07:51.000 -0500 [debug] (configs.js) loaded resolved configs as "{"updates":{"manifest_url":"https://cdn.freshdev.io/assets/fdk/updates.json","changelog_url":"https://cdn.freshdev.io/assets/fdk/change-log.json","period":24},"log":{"level":"info"},"javascript":{"ecma_version":2020},"request":{"timeout":15000,"maxFilesPerRequest":5},"global_apps":{"enabled":"true"},"easel":{"enabled":false},"job":{"timeout":120000}}"
2026-05-11 14:07:51.000 -0500 [debug] (logger.js) Starting FDK in node v24.11.0 on win32
2026-05-11 14:07:51.000 -0500 [debug] (sequelize.js) setting up sqilite at "C:\Users\ElliottVanDenEng\OneDrive - Pro Serve CS\Documents\Projects\FreshcallerApp/.fdk/store.sqlite"
2026-05-11 14:07:51.000 -0500 [debug] (data.js) Read {"version_details":{"cli":{"deprecated":{"version":"<9","message":"This FDK version has been deprecated. There will be no further feature updates to this version. For a seamless app-building experience, ensure to move to the latest FDK version. For more information, see https://developers.freshworks.com/docs/app-sdk/v2.3/freshdesk/migration-guide/#migrate-to-the-latest-platform-version."},"forced":{"version":"7.0.0","command":"npm install https://dl.freshdev.io/cli/fdk-7.0.0.tgz -g","message":"Your FDK version has been forced updated to v7.0.0, please visit https://community.developers.freshworks.com/t/fdk-v7-0-announcing-node-js-v12-and-es6-support/3606 to know more"},"latest":{"version":"10.1.2","command":"npm install https://cdn.freshdev.io/fdk/latest-v24.tgz -g","message":"You are on the latest FDK version. For information on the features available as part of this FDK version, see https://developers.freshworks.com/docs/?tab=modules."}},"addon":{"version":"2.2.7","url":"https://cdn.freshdev.io/assets/fdk/addons/addon.zip"}},"last_updated":{"time_stamp":1778525817996}}
2026-05-11 14:07:51.000 -0500 [debug] (updater.js) last check less than 24 hours ago, not looking for updates
2026-05-11 14:07:51.003 -0500 [debug] (index.js) running with opts {}
2026-05-11 14:07:51.003 -0500 [debug] (config.js) 'config set' called with global_apps.enabled, false, {"scope":"local"}
2026-05-11 14:07:51.005 -0500 [info] Config global_apps.enabled was set to value "false" successfully
2026-05-11 14:08:33.172 -0500 [debug] (configs.js) loaded default configs as "{"updates":{"manifest_url":"https://cdn.freshdev.io/assets/fdk/updates.json","changelog_url":"https://cdn.freshdev.io/assets/fdk/change-log.json","period":24},"log":{"level":"info"},"javascript":{"ecma_version":2020},"request":{"timeout":15000,"maxFilesPerRequest":5},"global_apps":{"enabled":true},"easel":{"enabled":false},"job":{"timeout":120000}}"
2026-05-11 14:08:33.174 -0500 [debug] (configs.js) loaded global configs as "{"global_apps":{"enabled":"true"}}"
2026-05-11 14:08:33.174 -0500 [debug] (configs.js) loaded local configs as "{"request":{"timeout":15000},"job":{"timeout":120000},"global_apps":{"enabled":"false"}}"
2026-05-11 14:08:33.174 -0500 [debug] (configs.js) loaded env configs as "{"updates":{},"log":{},"javascript":{},"request":{"timeout":15000,"maxFilesPerRequest":5},"job":{"timeout":120000}}"
2026-05-11 14:08:33.174 -0500 [debug] (configs.js) loaded resolved configs as "{"updates":{"manifest_url":"https://cdn.freshdev.io/assets/fdk/updates.json","changelog_url":"https://cdn.freshdev.io/assets/fdk/change-log.json","period":24},"log":{"level":"info"},"javascript":{"ecma_version":2020},"request":{"timeout":15000,"maxFilesPerRequest":5},"global_apps":{"enabled":"false"},"easel":{"enabled":false},"job":{"timeout":120000}}"
2026-05-11 14:08:33.174 -0500 [debug] (logger.js) Starting FDK in node v24.11.0 on win32
2026-05-11 14:08:33.174 -0500 [debug] (sequelize.js) setting up sqilite at "C:\Users\ElliottVanDenEng\OneDrive - Pro Serve CS\Documents\Projects\FreshcallerApp/.fdk/store.sqlite"
2026-05-11 14:08:33.174 -0500 [debug] (data.js) Read {"version_details":{"cli":{"deprecated":{"version":"<9","message":"This FDK version has been deprecated. There will be no further feature updates to this version. For a seamless app-building experience, ensure to move to the latest FDK version. For more information, see https://developers.freshworks.com/docs/app-sdk/v2.3/freshdesk/migration-guide/#migrate-to-the-latest-platform-version."},"forced":{"version":"7.0.0","command":"npm install https://dl.freshdev.io/cli/fdk-7.0.0.tgz -g","message":"Your FDK version has been forced updated to v7.0.0, please visit https://community.developers.freshworks.com/t/fdk-v7-0-announcing-node-js-v12-and-es6-support/3606 to know more"},"latest":{"version":"10.1.2","command":"npm install https://cdn.freshdev.io/fdk/latest-v24.tgz -g","message":"You are on the latest FDK version. For information on the features available as part of this FDK version, see https://developers.freshworks.com/docs/?tab=modules."}},"addon":{"version":"2.2.7","url":"https://cdn.freshdev.io/assets/fdk/addons/addon.zip"}},"last_updated":{"time_stamp":1778525817996}}
2026-05-11 14:08:33.174 -0500 [debug] (updater.js) last check less than 24 hours ago, not looking for updates
2026-05-11 14:08:33.176 -0500 [debug] (index.js) running with opts {}
2026-05-11 14:08:33.177 -0500 [debug] (config.js) 'config set' called with global_apps.enabled, true, {"scope":"local"}
2026-05-11 14:08:33.179 -0500 [info] Config global_apps.enabled was set to value "true" successfully
2026-05-11 14:08:50.613 -0500 [debug] (configs.js) loaded default configs as "{"updates":{"manifest_url":"https://cdn.freshdev.io/assets/fdk/updates.json","changelog_url":"https://cdn.freshdev.io/assets/fdk/change-log.json","period":24},"log":{"level":"info"},"javascript":{"ecma_version":2020},"request":{"timeout":15000,"maxFilesPerRequest":5},"global_apps":{"enabled":true},"easel":{"enabled":false},"job":{"timeout":120000}}"
2026-05-11 14:08:50.616 -0500 [debug] (configs.js) loaded global configs as "{"global_apps":{"enabled":"true"}}"
2026-05-11 14:08:50.616 -0500 [debug] (configs.js) loaded local configs as "{"request":{"timeout":15000},"job":{"timeout":120000},"global_apps":{"enabled":"true"}}"
2026-05-11 14:08:50.616 -0500 [debug] (configs.js) loaded env configs as "{"updates":{},"log":{},"javascript":{},"request":{"timeout":15000,"maxFilesPerRequest":5},"job":{"timeout":120000}}"
2026-05-11 14:08:50.616 -0500 [debug] (configs.js) loaded resolved configs as "{"updates":{"manifest_url":"https://cdn.freshdev.io/assets/fdk/updates.json","changelog_url":"https://cdn.freshdev.io/assets/fdk/change-log.json","period":24},"log":{"level":"info"},"javascript":{"ecma_version":2020},"request":{"timeout":15000,"maxFilesPerRequest":5},"global_apps":{"enabled":"true"},"easel":{"enabled":false},"job":{"timeout":120000}}"
2026-05-11 14:08:50.616 -0500 [debug] (logger.js) Starting FDK in node v24.11.0 on win32
2026-05-11 14:08:50.616 -0500 [debug] (sequelize.js) setting up sqilite at "C:\Users\ElliottVanDenEng\OneDrive - Pro Serve CS\Documents\Projects\FreshcallerApp/.fdk/store.sqlite"
2026-05-11 14:08:50.616 -0500 [debug] (data.js) Read {"version_details":{"cli":{"deprecated":{"version":"<9","message":"This FDK version has been deprecated. There will be no further feature updates to this version. For a seamless app-building experience, ensure to move to the latest FDK version. For more information, see https://developers.freshworks.com/docs/app-sdk/v2.3/freshdesk/migration-guide/#migrate-to-the-latest-platform-version."},"forced":{"version":"7.0.0","command":"npm install https://dl.freshdev.io/cli/fdk-7.0.0.tgz -g","message":"Your FDK version has been forced updated to v7.0.0, please visit https://community.developers.freshworks.com/t/fdk-v7-0-announcing-node-js-v12-and-es6-support/3606 to know more"},"latest":{"version":"10.1.2","command":"npm install https://cdn.freshdev.io/fdk/latest-v24.tgz -g","message":"You are on the latest FDK version. For information on the features available as part of this FDK version, see https://developers.freshworks.com/docs/?tab=modules."}},"addon":{"version":"2.2.7","url":"https://cdn.freshdev.io/assets/fdk/addons/addon.zip"}},"last_updated":{"time_stamp":1778525817996}}
2026-05-11 14:08:50.616 -0500 [debug] (updater.js) last check less than 24 hours ago, not looking for updates
2026-05-11 14:08:50.619 -0500 [debug] (index.js) running with opts {}
2026-05-11 14:08:50.622 -0500 [debug] (data.js) Read {"version_details":{"cli":{"deprecated":{"version":"<9","message":"This FDK version has been deprecated. There will be no further feature updates to this version. For a seamless app-building experience, ensure to move to the latest FDK version. For more information, see https://developers.freshworks.com/docs/app-sdk/v2.3/freshdesk/migration-guide/#migrate-to-the-latest-platform-version."},"forced":{"version":"7.0.0","command":"npm install https://dl.freshdev.io/cli/fdk-7.0.0.tgz -g","message":"Your FDK version has been forced updated to v7.0.0, please visit https://community.developers.freshworks.com/t/fdk-v7-0-announcing-node-js-v12-and-es6-support/3606 to know more"},"latest":{"version":"10.1.2","command":"npm install https://cdn.freshdev.io/fdk/latest-v24.tgz -g","message":"You are on the latest FDK version. For information on the features available as part of this FDK version, see https://developers.freshworks.com/docs/?tab=modules."}},"addon":{"version":"2.2.7","url":"https://cdn.freshdev.io/assets/fdk/addons/addon.zip"}},"last_updated":{"time_stamp":1778525817996}}
2026-05-11 14:08:50.626 -0500 [debug] (create.js) 'init' called with C:\Users\ElliottVanDenEng\OneDrive - Pro Serve CS\Documents\Projects\FreshcallerApp, undefined, undefined
2026-05-11 14:08:55.362 -0500 [debug] (create.js) Initializing template "serverless-starter-template" for "modules".
2026-05-11 14:08:55.473 -0500 [info] A new Global app was successfully created from template "serverless-starter-template" with the following files.

2026-05-11 16:24:25.163 -0500 [debug] (configs.js) loaded default configs as "{"updates":{"manifest_url":"https://cdn.freshdev.io/assets/fdk/updates.json","changelog_url":"https://cdn.freshdev.io/assets/fdk/change-log.json","period":24},"log":{"level":"info"},"javascript":{"ecma_version":2020},"request":{"timeout":15000,"maxFilesPerRequest":5},"global_apps":{"enabled":true},"easel":{"enabled":false},"job":{"timeout":120000}}"
2026-05-11 16:24:25.166 -0500 [debug] (configs.js) loaded global configs as "{"global_apps":{"enabled":"true"}}"
2026-05-11 16:24:25.166 -0500 [debug] (configs.js) loaded local configs as "{"request":{"timeout":15000},"job":{"timeout":120000},"global_apps":{"enabled":"true"}}"
2026-05-11 16:24:25.166 -0500 [debug] (configs.js) loaded env configs as "{"updates":{},"log":{},"javascript":{},"request":{"timeout":15000,"maxFilesPerRequest":5},"job":{"timeout":120000}}"
2026-05-11 16:24:25.166 -0500 [debug] (configs.js) loaded resolved configs as "{"updates":{"manifest_url":"https://cdn.freshdev.io/assets/fdk/updates.json","changelog_url":"https://cdn.freshdev.io/assets/fdk/change-log.json","period":24},"log":{"level":"info"},"javascript":{"ecma_version":2020},"request":{"timeout":15000,"maxFilesPerRequest":5},"global_apps":{"enabled":"true"},"easel":{"enabled":false},"job":{"timeout":120000}}"
2026-05-11 16:24:25.166 -0500 [debug] (logger.js) Starting FDK in node v24.11.0 on win32
2026-05-11 16:24:25.166 -0500 [debug] (sequelize.js) setting up sqilite at "C:\Users\ElliottVanDenEng\OneDrive - Pro Serve CS\Documents\Projects\FreshcallerApp/.fdk/store.sqlite"
2026-05-11 16:24:25.166 -0500 [debug] (data.js) Read {"version_details":{"cli":{"deprecated":{"version":"<9","message":"This FDK version has been deprecated. There will be no further feature updates to this version. For a seamless app-building experience, ensure to move to the latest FDK version. For more information, see https://developers.freshworks.com/docs/app-sdk/v2.3/freshdesk/migration-guide/#migrate-to-the-latest-platform-version."},"forced":{"version":"7.0.0","command":"npm install https://dl.freshdev.io/cli/fdk-7.0.0.tgz -g","message":"Your FDK version has been forced updated to v7.0.0, please visit https://community.developers.freshworks.com/t/fdk-v7-0-announcing-node-js-v12-and-es6-support/3606 to know more"},"latest":{"version":"10.1.2","command":"npm install https://cdn.freshdev.io/fdk/latest-v24.tgz -g","message":"You are on the latest FDK version. For information on the features available as part of this FDK version, see https://developers.freshworks.com/docs/?tab=modules."}},"addon":{"version":"2.2.7","url":"https://cdn.freshdev.io/assets/fdk/addons/addon.zip"}},"last_updated":{"time_stamp":1778525817996}}
2026-05-11 16:24:25.166 -0500 [debug] (updater.js) last check less than 24 hours ago, not looking for updates
2026-05-11 16:24:25.170 -0500 [debug] (index.js) running with opts {}
2026-05-11 16:24:25.390 -0500 [debug] (data.js) Read {"version_details":{"cli":{"deprecated":{"version":"<9","message":"This FDK version has been deprecated. There will be no further feature updates to this version. For a seamless app-building experience, ensure to move to the latest FDK version. For more information, see https://developers.freshworks.com/docs/app-sdk/v2.3/freshdesk/migration-guide/#migrate-to-the-latest-platform-version."},"forced":{"version":"7.0.0","command":"npm install https://dl.freshdev.io/cli/fdk-7.0.0.tgz -g","message":"Your FDK version has been forced updated to v7.0.0, please visit https://community.developers.freshworks.com/t/fdk-v7-0-announcing-node-js-v12-and-es6-support/3606 to know more"},"latest":{"version":"10.1.2","command":"npm install https://cdn.freshdev.io/fdk/latest-v24.tgz -g","message":"You are on the latest FDK version. For information on the features available as part of this FDK version, see https://developers.freshworks.com/docs/?tab=modules."}},"addon":{"version":"2.2.7","url":"https://cdn.freshdev.io/assets/fdk/addons/addon.zip"}},"last_updated":{"time_stamp":1778525817996}}
2026-05-11 16:24:25.393 -0500 [debug] (manifest.js) Reloading manifest with {"platform-version":"3.0","modules":{"phone_call":{"events":{"onCallCreate":{"handler":"onCallCreateHandler"}}},"common":{"events":{"onAppInstall":{"handler":"onAppInstallHandler"},"onAppUninstall":{"handler":"onAppUninstallHandler"}}}},"scripts":{"fdk-unit-test":"vitest run --coverage"},"engines":{"node":"24.11.0","fdk":"10.1.2"}}.
2026-05-11 16:24:25.394 -0500 [debug] (manifest.js) Inferred db,backend as features.
2026-05-11 16:24:25.437 -0500 [debug] (data.js) Read {"version_details":{"cli":{"deprecated":{"version":"<9","message":"This FDK version has been deprecated. There will be no further feature updates to this version. For a seamless app-building experience, ensure to move to the latest FDK version. For more information, see https://developers.freshworks.com/docs/app-sdk/v2.3/freshdesk/migration-guide/#migrate-to-the-latest-platform-version."},"forced":{"version":"7.0.0","command":"npm install https://dl.freshdev.io/cli/fdk-7.0.0.tgz -g","message":"Your FDK version has been forced updated to v7.0.0, please visit https://community.developers.freshworks.com/t/fdk-v7-0-announcing-node-js-v12-and-es6-support/3606 to know more"},"latest":{"version":"10.1.2","command":"npm install https://cdn.freshdev.io/fdk/latest-v24.tgz -g","message":"You are on the latest FDK version. For information on the features available as part of this FDK version, see https://developers.freshworks.com/docs/?tab=modules."}},"addon":{"version":"2.2.7","url":"https://cdn.freshdev.io/assets/fdk/addons/addon.zip"}},"last_updated":{"time_stamp":1778525817996}}
2026-05-11 16:24:25.781 -0500 [debug] (file.js) Error while requiring C:\Users\ElliottVanDenEng\OneDrive - Pro Serve CS\Documents\Projects\FreshcallerApp/.report.json: Cannot find module 'C:\Users\ElliottVanDenEng\OneDrive - Pro Serve CS\Documents\Projects\FreshcallerApp/.report.json'
Require stack:
- C:\Users\ElliottVanDenEng\AppData\Roaming\npm\node_modules\@freshworks\fdk\lib\utils\file.js
- C:\Users\ElliottVanDenEng\AppData\Roaming\npm\node_modules\@freshworks\fdk\lib\configs.js
- C:\Users\ElliottVanDenEng\AppData\Roaming\npm\node_modules\@freshworks\fdk\lib\logger.js
- C:\Users\ElliottVanDenEng\AppData\Roaming\npm\node_modules\@freshworks\fdk\index.js
2026-05-11 16:24:25.788 -0500 [debug] (coverage.js) INIT: About to merge initial coverage data with 0 files
2026-05-11 16:24:25.788 -0500 [debug] (coverage.js) INIT: After merge - Files in map: 0
2026-05-11 16:24:26.053 -0500 [debug] (index.js) Initializing AJV schemas from individual files
2026-05-11 16:24:26.053 -0500 [debug] (index.js) Compiling schemas...
2026-05-11 16:24:26.068 -0500 [debug] (index.js) All schemas compiled successfully
2026-05-11 16:24:26.154 -0500 [debug] (index.js) loading model at "C:\Users\ElliottVanDenEng\AppData\Roaming\npm\node_modules\@freshworks\fdk\lib\models\bigint-pivot.js"
2026-05-11 16:24:26.155 -0500 [debug] (index.js) loading model at "C:\Users\ElliottVanDenEng\AppData\Roaming\npm\node_modules\@freshworks\fdk\lib\models\entity-field-choice.js"
2026-05-11 16:24:26.157 -0500 [debug] (index.js) loading model at "C:\Users\ElliottVanDenEng\AppData\Roaming\npm\node_modules\@freshworks\fdk\lib\models\entity-field.js"
2026-05-11 16:24:26.158 -0500 [debug] (index.js) loading model at "C:\Users\ElliottVanDenEng\AppData\Roaming\npm\node_modules\@freshworks\fdk\lib\models\entity.js"
2026-05-11 16:24:26.159 -0500 [debug] (index.js) loading model at "C:\Users\ElliottVanDenEng\AppData\Roaming\npm\node_modules\@freshworks\fdk\lib\models\files.js"
2026-05-11 16:24:26.160 -0500 [debug] (index.js) loading model at "C:\Users\ElliottVanDenEng\AppData\Roaming\npm\node_modules\@freshworks\fdk\lib\models\oauth-details.js"
2026-05-11 16:24:26.160 -0500 [debug] (index.js) loading model at "C:\Users\ElliottVanDenEng\AppData\Roaming\npm\node_modules\@freshworks\fdk\lib\models\record.js"
2026-05-11 16:24:26.163 -0500 [debug] (index.js) loading model at "C:\Users\ElliottVanDenEng\AppData\Roaming\npm\node_modules\@freshworks\fdk\lib\models\string-pivot.js"
2026-05-11 16:24:26.269 -0500 [debug] (index.js) 'schema: ' [object Object]
2026-05-11 16:24:26.278 -0500 [debug] (index.js) 'schema: ' [object Object]
2026-05-11 16:24:26.279 -0500 [debug] (index.js) 'schema: ' [object Object]
2026-05-11 16:24:26.280 -0500 [debug] (index.js) 'schema: ' [object Object]
2026-05-11 16:24:26.281 -0500 [debug] (index.js) 'schema: ' [object Object]
2026-05-11 16:24:26.283 -0500 [debug] (index.js) 'schema: ' [object Object]
2026-05-11 16:24:26.283 -0500 [debug] (index.js) 'schema: ' [object Object]
2026-05-11 16:24:26.290 -0500 [debug] (index.js) 'schema: ' [object Object]
2026-05-11 16:24:26.291 -0500 [debug] (index.js) 'schema: ' [object Object]
2026-05-11 16:24:26.291 -0500 [debug] (index.js) 'schema: ' [object Object]
2026-05-11 16:24:26.296 -0500 [debug] (index.js) 'schema: ' [object Object]
2026-05-11 16:24:26.298 -0500 [debug] (index.js) 'schema: ' [object Object]
2026-05-11 16:24:26.301 -0500 [debug] (index.js) 'schema: ' [object Object]
2026-05-11 16:24:26.301 -0500 [debug] (index.js) 'schema: ' [object Object]
2026-05-11 16:24:26.301 -0500 [debug] (index.js) 'schema: ' [object Object]
2026-05-11 16:24:26.304 -0500 [debug] (index.js) 'schema: ' [object Object]
2026-05-11 16:24:26.306 -0500 [debug] (index.js) 'schema: ' [object Object]
2026-05-11 16:24:26.323 -0500 [debug] (index.js) 'schema: ' [object Object]
2026-05-11 16:24:26.580 -0500 [debug] (data.js) Read {"version_details":{"cli":{"deprecated":{"version":"<9","message":"This FDK version has been deprecated. There will be no further feature updates to this version. For a seamless app-building experience, ensure to move to the latest FDK version. For more information, see https://developers.freshworks.com/docs/app-sdk/v2.3/freshdesk/migration-guide/#migrate-to-the-latest-platform-version."},"forced":{"version":"7.0.0","command":"npm install https://dl.freshdev.io/cli/fdk-7.0.0.tgz -g","message":"Your FDK version has been forced updated to v7.0.0, please visit https://community.developers.freshworks.com/t/fdk-v7-0-announcing-node-js-v12-and-es6-support/3606 to know more"},"latest":{"version":"10.1.2","command":"npm install https://cdn.freshdev.io/fdk/latest-v24.tgz -g","message":"You are on the latest FDK version. For information on the features available as part of this FDK version, see https://developers.freshworks.com/docs/?tab=modules."}},"addon":{"version":"2.2.7","url":"https://cdn.freshdev.io/assets/fdk/addons/addon.zip"}},"last_updated":{"time_stamp":1778525817996}}
2026-05-11 16:24:27.952 -0500 [debug] (validate.js) asked to skip the following validations, 
2026-05-11 16:24:27.953 -0500 [debug] (validate.js) running validator actions
2026-05-11 16:24:27.960 -0500 [debug] (validate.js) running validator requests
2026-05-11 16:24:27.960 -0500 [debug] (validate.js) running validator app-dir
2026-05-11 16:24:27.961 -0500 [debug] (validate.js) running validator config-dir
2026-05-11 16:24:27.961 -0500 [debug] (config-dir.js) Checking to see if C:\Users\ElliottVanDenEng\OneDrive - Pro Serve CS\Documents\Projects\FreshcallerApp/config/ exists.
2026-05-11 16:24:27.961 -0500 [debug] (config-dir.js) Fetched the following config files iparams.json
2026-05-11 16:24:27.961 -0500 [debug] (validate.js) running validator custom-objects
2026-05-11 16:24:27.961 -0500 [debug] (validate.js) running validator event
2026-05-11 16:24:27.963 -0500 [debug] (event.js) Found ["validateUserPhoneNumber","validateUserSingleDigit","onAppInstallHandler","onAppUninstallHandler"] as exported functions.
2026-05-11 16:24:27.963 -0500 [debug] (event.js) Event validation failed due to misconfiguration: Cannot read properties of undefined (reading 'events')
2026-05-11 16:24:27.963 -0500 [debug] (validate.js) running validator iparam
2026-05-11 16:24:27.968 -0500 [debug] (validate.js) running validator lint
2026-05-11 16:24:27.969 -0500 [debug] (lint.js) passed fix flag: undefined
2026-05-11 16:24:27.976 -0500 [debug] (lint.js) Running the following lints on the file server\lib\handle-response.js : no-eval,no-alert,no-debugger,no-unreachable,no-duplicate-imports,constructor-super,for-direction,no-class-assign,no-new-native-nonconstructor,valid-typeof,no-eq-null,no-var,require-await,no-unreachable-loop,no-redeclare,no-self-assign,no-setter-return,no-shadow-restricted-names,no-this-before-super,no-unsafe-finally,no-unsafe-optional-chaining,no-unused-vars,no-useless-catch,eqeqeq,prefer-const,require-yield,no-global-assign,no-caller,no-process-env,complexity,max-nested-callbacks,handle-callback-err,getter-return,no-async-promise-executor,no-case-declarations,no-compare-neg-zero,no-cond-assign,no-const-assign,no-constant-condition,no-control-regex,no-delete-var,no-dupe-args,no-dupe-class-members,no-dupe-else-if,no-dupe-keys,no-duplicate-case,no-empty,no-empty-character-class,no-empty-pattern,no-ex-assign,no-extra-boolean-cast,no-extra-semi,no-fallthrough,no-func-assign,no-import-assign,no-inner-declarations,no-invalid-regexp,no-irregular-whitespace,no-loss-of-precision,no-misleading-character-class,no-mixed-spaces-and-tabs,no-nonoctal-decimal-escape,no-obj-calls,no-octal,no-prototype-builtins,no-regex-spaces,no-sparse-arrays,no-unexpected-multiline,no-unsafe-negation,no-unused-labels,no-useless-backreference,no-useless-escape,no-with,use-isnan,no-unpkg-cdn,no-proxy-requests,no-unhandled-promise,no-logging-rejections,no-non-client-request-model,no-deprecated-apis,no-dependency-mismatch,no-empty-function
2026-05-11 16:24:28.122 -0500 [debug] (lint.js) Running the following lints on the file server\server.js : no-eval,no-alert,no-debugger,no-unreachable,no-duplicate-imports,constructor-super,for-direction,no-class-assign,no-new-native-nonconstructor,valid-typeof,no-eq-null,no-var,require-await,no-unreachable-loop,no-redeclare,no-self-assign,no-setter-return,no-shadow-restricted-names,no-this-before-super,no-unsafe-finally,no-unsafe-optional-chaining,no-unused-vars,no-useless-catch,eqeqeq,prefer-const,require-yield,no-global-assign,no-caller,no-process-env,complexity,max-nested-callbacks,handle-callback-err,getter-return,no-async-promise-executor,no-case-declarations,no-compare-neg-zero,no-cond-assign,no-const-assign,no-constant-condition,no-control-regex,no-delete-var,no-dupe-args,no-dupe-class-members,no-dupe-else-if,no-dupe-keys,no-duplicate-case,no-empty,no-empty-character-class,no-empty-pattern,no-ex-assign,no-extra-boolean-cast,no-extra-semi,no-fallthrough,no-func-assign,no-import-assign,no-inner-declarations,no-invalid-regexp,no-irregular-whitespace,no-loss-of-precision,no-misleading-character-class,no-mixed-spaces-and-tabs,no-nonoctal-decimal-escape,no-obj-calls,no-octal,no-prototype-builtins,no-regex-spaces,no-sparse-arrays,no-unexpected-multiline,no-unsafe-negation,no-unused-labels,no-useless-backreference,no-useless-escape,no-with,use-isnan,no-unpkg-cdn,no-proxy-requests,no-unhandled-promise,no-logging-rejections,no-non-client-request-model,no-deprecated-apis,no-dependency-mismatch,no-empty-function
2026-05-11 16:24:28.134 -0500 [debug] (validate.js) running validator manifest
2026-05-11 16:24:28.134 -0500 [debug] (validate.js) skipping validator manifest-dependency
2026-05-11 16:24:28.134 -0500 [debug] (validate.js) running validator manifest-scripts
2026-05-11 16:24:28.134 -0500 [debug] (validate.js) running validator oauth
2026-05-11 16:24:28.134 -0500 [debug] (validate.js) skipping validator pkgsize
2026-05-11 16:24:28.134 -0500 [debug] (validate.js) running validator schema
2026-05-11 16:24:28.135 -0500 [debug] (validate.js) running validator version-check
2026-05-11 16:24:28.135 -0500 [debug] (validate.js) running validator app-settings
2026-05-11 16:24:28.138 -0500 [error] The local server could not be started due to the following issue(s):
2026-05-11 16:24:28.139 -0500 [error] Platform errors:
2026-05-11 16:24:28.139 -0500 [error] [31m✖[39m no schema with key or ref "http://json-schema.org/draft-04/schema#"
2026-05-11 16:24:28.139 -0500 [error] [31m✖[39m respondOrderStatus does not have definition in server.js
2026-05-11 16:24:28.140 -0500 [error] [31m✖[39m Invalid event configuration in server.js
2026-05-11 16:24:28.140 -0500 [error] [31m✖[39m type domain/api_key is not valid from platform version 3.0. Please use type 'text' in api_key field
2026-05-11 16:24:28.140 -0500 [error] [31m✖[39m Invalid module(s) mentioned in manifest.json: phone_call
2026-05-11 16:24:28.140 -0500 [error] [31m✖[39m Error: no schema with key or ref "http://json-schema.org/draft-04/schema#"
2026-05-11 16:24:28.140 -0500 [error] 
2026-05-11 16:24:28.141 -0500 [error] 
2026-05-11 16:24:28.141 -0500 [warn] Please ensure that the following are addressed for quick review process:
2026-05-11 16:24:28.141 -0500 [warn] [33m⚠[39m iparam 'api_key' appears to be a secure param but it isn't marked as secure.
2026-05-11 16:24:28.141 -0500 [warn] [33m⚠[39m server\server.js::5: 'validVIPNumbers' is never reassigned. Use 'const' instead.
2026-05-11 16:24:28.141 -0500 [warn] [33m⚠[39m server\server.js::6: 'response' is never reassigned. Use 'const' instead.
2026-05-11 16:24:28.142 -0500 [warn] [33m⚠[39m server\server.js::7: 'data' is never reassigned. Use 'const' instead.
2026-05-11 16:24:28.142 -0500 [warn] [33m⚠[39m server\server.js::14: 'validVIPNumbers' is never reassigned. Use 'const' instead.
2026-05-11 16:24:28.142 -0500 [warn] [33m⚠[39m server\server.js::15: 'response' is never reassigned. Use 'const' instead.
2026-05-11 16:24:28.142 -0500 [warn] [33m⚠[39m server\server.js::19: Mixed spaces and tabs.
2026-05-11 16:24:28.142 -0500 [warn] 
2026-05-11 16:24:28.151 -0500 [debug] (report.js) Generating hash for report.json file
2026-05-11 16:26:19.454 -0500 [debug] (configs.js) loaded default configs as "{"updates":{"manifest_url":"https://cdn.freshdev.io/assets/fdk/updates.json","changelog_url":"https://cdn.freshdev.io/assets/fdk/change-log.json","period":24},"log":{"level":"info"},"javascript":{"ecma_version":2020},"request":{"timeout":15000,"maxFilesPerRequest":5},"global_apps":{"enabled":true},"easel":{"enabled":false},"job":{"timeout":120000}}"
2026-05-11 16:26:19.456 -0500 [debug] (configs.js) loaded global configs as "{"global_apps":{"enabled":"true"}}"
2026-05-11 16:26:19.456 -0500 [debug] (configs.js) loaded local configs as "{"request":{"timeout":15000},"job":{"timeout":120000},"global_apps":{"enabled":"true"}}"
2026-05-11 16:26:19.456 -0500 [debug] (configs.js) loaded env configs as "{"updates":{},"log":{},"javascript":{},"request":{"timeout":15000,"maxFilesPerRequest":5},"job":{"timeout":120000}}"
2026-05-11 16:26:19.456 -0500 [debug] (configs.js) loaded resolved configs as "{"updates":{"manifest_url":"https://cdn.freshdev.io/assets/fdk/updates.json","changelog_url":"https://cdn.freshdev.io/assets/fdk/change-log.json","period":24},"log":{"level":"info"},"javascript":{"ecma_version":2020},"request":{"timeout":15000,"maxFilesPerRequest":5},"global_apps":{"enabled":"true"},"easel":{"enabled":false},"job":{"timeout":120000}}"
2026-05-11 16:26:19.457 -0500 [debug] (logger.js) Starting FDK in node v24.11.0 on win32
2026-05-11 16:26:19.457 -0500 [debug] (sequelize.js) setting up sqilite at "C:\Users\ElliottVanDenEng\OneDrive - Pro Serve CS\Documents\Projects\FreshcallerApp/.fdk/store.sqlite"
2026-05-11 16:26:19.457 -0500 [debug] (data.js) Read {"version_details":{"cli":{"deprecated":{"version":"<9","message":"This FDK version has been deprecated. There will be no further feature updates to this version. For a seamless app-building experience, ensure to move to the latest FDK version. For more information, see https://developers.freshworks.com/docs/app-sdk/v2.3/freshdesk/migration-guide/#migrate-to-the-latest-platform-version."},"forced":{"version":"7.0.0","command":"npm install https://dl.freshdev.io/cli/fdk-7.0.0.tgz -g","message":"Your FDK version has been forced updated to v7.0.0, please visit https://community.developers.freshworks.com/t/fdk-v7-0-announcing-node-js-v12-and-es6-support/3606 to know more"},"latest":{"version":"10.1.2","command":"npm install https://cdn.freshdev.io/fdk/latest-v24.tgz -g","message":"You are on the latest FDK version. For information on the features available as part of this FDK version, see https://developers.freshworks.com/docs/?tab=modules."}},"addon":{"version":"2.2.7","url":"https://cdn.freshdev.io/assets/fdk/addons/addon.zip"}},"last_updated":{"time_stamp":1778525817996}}
2026-05-11 16:26:19.457 -0500 [debug] (updater.js) last check less than 24 hours ago, not looking for updates
2026-05-11 16:26:19.459 -0500 [debug] (index.js) running with opts {}
2026-05-11 16:26:19.583 -0500 [debug] (data.js) Read {"version_details":{"cli":{"deprecated":{"version":"<9","message":"This FDK version has been deprecated. There will be no further feature updates to this version. For a seamless app-building experience, ensure to move to the latest FDK version. For more information, see https://developers.freshworks.com/docs/app-sdk/v2.3/freshdesk/migration-guide/#migrate-to-the-latest-platform-version."},"forced":{"version":"7.0.0","command":"npm install https://dl.freshdev.io/cli/fdk-7.0.0.tgz -g","message":"Your FDK version has been forced updated to v7.0.0, please visit https://community.developers.freshworks.com/t/fdk-v7-0-announcing-node-js-v12-and-es6-support/3606 to know more"},"latest":{"version":"10.1.2","command":"npm install https://cdn.freshdev.io/fdk/latest-v24.tgz -g","message":"You are on the latest FDK version. For information on the features available as part of this FDK version, see https://developers.freshworks.com/docs/?tab=modules."}},"addon":{"version":"2.2.7","url":"https://cdn.freshdev.io/assets/fdk/addons/addon.zip"}},"last_updated":{"time_stamp":1778525817996}}
2026-05-11 16:26:19.586 -0500 [debug] (manifest.js) Reloading manifest with {"platform-version":"3.0","modules":{"phone_call":{"events":{"onCallCreate":{"handler":"onCallCreateHandler"}}},"common":{"events":{"onAppInstall":{"handler":"onAppInstallHandler"},"onAppUninstall":{"handler":"onAppUninstallHandler"}}}},"scripts":{"fdk-unit-test":"vitest run --coverage"},"engines":{"node":"24.11.0","fdk":"10.1.2"}}.
2026-05-11 16:26:19.587 -0500 [debug] (manifest.js) Inferred db,backend as features.
2026-05-11 16:26:19.623 -0500 [debug] (data.js) Read {"version_details":{"cli":{"deprecated":{"version":"<9","message":"This FDK version has been deprecated. There will be no further feature updates to this version. For a seamless app-building experience, ensure to move to the latest FDK version. For more information, see https://developers.freshworks.com/docs/app-sdk/v2.3/freshdesk/migration-guide/#migrate-to-the-latest-platform-version."},"forced":{"version":"7.0.0","command":"npm install https://dl.freshdev.io/cli/fdk-7.0.0.tgz -g","message":"Your FDK version has been forced updated to v7.0.0, please visit https://community.developers.freshworks.com/t/fdk-v7-0-announcing-node-js-v12-and-es6-support/3606 to know more"},"latest":{"version":"10.1.2","command":"npm install https://cdn.freshdev.io/fdk/latest-v24.tgz -g","message":"You are on the latest FDK version. For information on the features available as part of this FDK version, see https://developers.freshworks.com/docs/?tab=modules."}},"addon":{"version":"2.2.7","url":"https://cdn.freshdev.io/assets/fdk/addons/addon.zip"}},"last_updated":{"time_stamp":1778525817996}}
2026-05-11 16:26:19.905 -0500 [debug] (coverage.js) INIT: About to merge initial coverage data with 0 files
2026-05-11 16:26:19.905 -0500 [debug] (coverage.js) INIT: After merge - Files in map: 0
2026-05-11 16:26:19.990 -0500 [debug] (index.js) Initializing AJV schemas from individual files
2026-05-11 16:26:19.990 -0500 [debug] (index.js) Compiling schemas...
2026-05-11 16:26:20.003 -0500 [debug] (index.js) All schemas compiled successfully
2026-05-11 16:26:20.050 -0500 [debug] (index.js) loading model at "C:\Users\ElliottVanDenEng\AppData\Roaming\npm\node_modules\@freshworks\fdk\lib\models\bigint-pivot.js"
2026-05-11 16:26:20.051 -0500 [debug] (index.js) loading model at "C:\Users\ElliottVanDenEng\AppData\Roaming\npm\node_modules\@freshworks\fdk\lib\models\entity-field-choice.js"
2026-05-11 16:26:20.052 -0500 [debug] (index.js) loading model at "C:\Users\ElliottVanDenEng\AppData\Roaming\npm\node_modules\@freshworks\fdk\lib\models\entity-field.js"
2026-05-11 16:26:20.053 -0500 [debug] (index.js) loading model at "C:\Users\ElliottVanDenEng\AppData\Roaming\npm\node_modules\@freshworks\fdk\lib\models\entity.js"
2026-05-11 16:26:20.054 -0500 [debug] (index.js) loading model at "C:\Users\ElliottVanDenEng\AppData\Roaming\npm\node_modules\@freshworks\fdk\lib\models\files.js"
2026-05-11 16:26:20.054 -0500 [debug] (index.js) loading model at "C:\Users\ElliottVanDenEng\AppData\Roaming\npm\node_modules\@freshworks\fdk\lib\models\oauth-details.js"
2026-05-11 16:26:20.055 -0500 [debug] (index.js) loading model at "C:\Users\ElliottVanDenEng\AppData\Roaming\npm\node_modules\@freshworks\fdk\lib\models\record.js"
2026-05-11 16:26:20.057 -0500 [debug] (index.js) loading model at "C:\Users\ElliottVanDenEng\AppData\Roaming\npm\node_modules\@freshworks\fdk\lib\models\string-pivot.js"
2026-05-11 16:26:20.139 -0500 [debug] (index.js) 'schema: ' [object Object]
2026-05-11 16:26:20.146 -0500 [debug] (index.js) 'schema: ' [object Object]
2026-05-11 16:26:20.147 -0500 [debug] (index.js) 'schema: ' [object Object]
2026-05-11 16:26:20.148 -0500 [debug] (index.js) 'schema: ' [object Object]
2026-05-11 16:26:20.149 -0500 [debug] (index.js) 'schema: ' [object Object]
2026-05-11 16:26:20.151 -0500 [debug] (index.js) 'schema: ' [object Object]
2026-05-11 16:26:20.152 -0500 [debug] (index.js) 'schema: ' [object Object]
2026-05-11 16:26:20.157 -0500 [debug] (index.js) 'schema: ' [object Object]
2026-05-11 16:26:20.158 -0500 [debug] (index.js) 'schema: ' [object Object]
2026-05-11 16:26:20.158 -0500 [debug] (index.js) 'schema: ' [object Object]
2026-05-11 16:26:20.164 -0500 [debug] (index.js) 'schema: ' [object Object]
2026-05-11 16:26:20.166 -0500 [debug] (index.js) 'schema: ' [object Object]
2026-05-11 16:26:20.169 -0500 [debug] (index.js) 'schema: ' [object Object]
2026-05-11 16:26:20.170 -0500 [debug] (index.js) 'schema: ' [object Object]
2026-05-11 16:26:20.170 -0500 [debug] (index.js) 'schema: ' [object Object]
2026-05-11 16:26:20.172 -0500 [debug] (index.js) 'schema: ' [object Object]
2026-05-11 16:26:20.174 -0500 [debug] (index.js) 'schema: ' [object Object]
2026-05-11 16:26:20.188 -0500 [debug] (index.js) 'schema: ' [object Object]
2026-05-11 16:26:20.438 -0500 [debug] (data.js) Read {"version_details":{"cli":{"deprecated":{"version":"<9","message":"This FDK version has been deprecated. There will be no further feature updates to this version. For a seamless app-building experience, ensure to move to the latest FDK version. For more information, see https://developers.freshworks.com/docs/app-sdk/v2.3/freshdesk/migration-guide/#migrate-to-the-latest-platform-version."},"forced":{"version":"7.0.0","command":"npm install https://dl.freshdev.io/cli/fdk-7.0.0.tgz -g","message":"Your FDK version has been forced updated to v7.0.0, please visit https://community.developers.freshworks.com/t/fdk-v7-0-announcing-node-js-v12-and-es6-support/3606 to know more"},"latest":{"version":"10.1.2","command":"npm install https://cdn.freshdev.io/fdk/latest-v24.tgz -g","message":"You are on the latest FDK version. For information on the features available as part of this FDK version, see https://developers.freshworks.com/docs/?tab=modules."}},"addon":{"version":"2.2.7","url":"https://cdn.freshdev.io/assets/fdk/addons/addon.zip"}},"last_updated":{"time_stamp":1778525817996}}
2026-05-11 16:26:21.424 -0500 [debug] (validate.js) asked to skip the following validations, 
2026-05-11 16:26:21.424 -0500 [debug] (validate.js) running validator actions
2026-05-11 16:26:21.431 -0500 [debug] (validate.js) running validator requests
2026-05-11 16:26:21.431 -0500 [debug] (validate.js) running validator app-dir
2026-05-11 16:26:21.431 -0500 [debug] (validate.js) running validator config-dir
2026-05-11 16:26:21.431 -0500 [debug] (config-dir.js) Checking to see if C:\Users\ElliottVanDenEng\OneDrive - Pro Serve CS\Documents\Projects\FreshcallerApp/config/ exists.
2026-05-11 16:26:21.432 -0500 [debug] (config-dir.js) Fetched the following config files iparams.json
2026-05-11 16:26:21.432 -0500 [debug] (validate.js) running validator custom-objects
2026-05-11 16:26:21.432 -0500 [debug] (validate.js) running validator event
2026-05-11 16:26:21.434 -0500 [debug] (event.js) Found ["onCallCreateHandler","onAppInstallHandler","onAppUninstallHandler"] as exported functions.
2026-05-11 16:26:21.434 -0500 [debug] (event.js) Event validation failed due to misconfiguration: Cannot read properties of undefined (reading 'events')
2026-05-11 16:26:21.434 -0500 [debug] (validate.js) running validator iparam
2026-05-11 16:26:21.439 -0500 [debug] (validate.js) running validator lint
2026-05-11 16:26:21.439 -0500 [debug] (lint.js) passed fix flag: undefined
2026-05-11 16:26:21.444 -0500 [debug] (lint.js) Running the following lints on the file server\lib\handle-response.js : no-eval,no-alert,no-debugger,no-unreachable,no-duplicate-imports,constructor-super,for-direction,no-class-assign,no-new-native-nonconstructor,valid-typeof,no-eq-null,no-var,require-await,no-unreachable-loop,no-redeclare,no-self-assign,no-setter-return,no-shadow-restricted-names,no-this-before-super,no-unsafe-finally,no-unsafe-optional-chaining,no-unused-vars,no-useless-catch,eqeqeq,prefer-const,require-yield,no-global-assign,no-caller,no-process-env,complexity,max-nested-callbacks,handle-callback-err,getter-return,no-async-promise-executor,no-case-declarations,no-compare-neg-zero,no-cond-assign,no-const-assign,no-constant-condition,no-control-regex,no-delete-var,no-dupe-args,no-dupe-class-members,no-dupe-else-if,no-dupe-keys,no-duplicate-case,no-empty,no-empty-character-class,no-empty-pattern,no-ex-assign,no-extra-boolean-cast,no-extra-semi,no-fallthrough,no-func-assign,no-import-assign,no-inner-declarations,no-invalid-regexp,no-irregular-whitespace,no-loss-of-precision,no-misleading-character-class,no-mixed-spaces-and-tabs,no-nonoctal-decimal-escape,no-obj-calls,no-octal,no-prototype-builtins,no-regex-spaces,no-sparse-arrays,no-unexpected-multiline,no-unsafe-negation,no-unused-labels,no-useless-backreference,no-useless-escape,no-with,use-isnan,no-unpkg-cdn,no-proxy-requests,no-unhandled-promise,no-logging-rejections,no-non-client-request-model,no-deprecated-apis,no-dependency-mismatch,no-empty-function
2026-05-11 16:26:21.545 -0500 [debug] (lint.js) Running the following lints on the file server\server.js : no-eval,no-alert,no-debugger,no-unreachable,no-duplicate-imports,constructor-super,for-direction,no-class-assign,no-new-native-nonconstructor,valid-typeof,no-eq-null,no-var,require-await,no-unreachable-loop,no-redeclare,no-self-assign,no-setter-return,no-shadow-restricted-names,no-this-before-super,no-unsafe-finally,no-unsafe-optional-chaining,no-unused-vars,no-useless-catch,eqeqeq,prefer-const,require-yield,no-global-assign,no-caller,no-process-env,complexity,max-nested-callbacks,handle-callback-err,getter-return,no-async-promise-executor,no-case-declarations,no-compare-neg-zero,no-cond-assign,no-const-assign,no-constant-condition,no-control-regex,no-delete-var,no-dupe-args,no-dupe-class-members,no-dupe-else-if,no-dupe-keys,no-duplicate-case,no-empty,no-empty-character-class,no-empty-pattern,no-ex-assign,no-extra-boolean-cast,no-extra-semi,no-fallthrough,no-func-assign,no-import-assign,no-inner-declarations,no-invalid-regexp,no-irregular-whitespace,no-loss-of-precision,no-misleading-character-class,no-mixed-spaces-and-tabs,no-nonoctal-decimal-escape,no-obj-calls,no-octal,no-prototype-builtins,no-regex-spaces,no-sparse-arrays,no-unexpected-multiline,no-unsafe-negation,no-unused-labels,no-useless-backreference,no-useless-escape,no-with,use-isnan,no-unpkg-cdn,no-proxy-requests,no-unhandled-promise,no-logging-rejections,no-non-client-request-model,no-deprecated-apis,no-dependency-mismatch,no-empty-function
2026-05-11 16:26:21.556 -0500 [debug] (validate.js) running validator manifest
2026-05-11 16:26:21.556 -0500 [debug] (validate.js) skipping validator manifest-dependency
2026-05-11 16:26:21.556 -0500 [debug] (validate.js) running validator manifest-scripts
2026-05-11 16:26:21.556 -0500 [debug] (validate.js) running validator oauth
2026-05-11 16:26:21.557 -0500 [debug] (validate.js) skipping validator pkgsize
2026-05-11 16:26:21.557 -0500 [debug] (validate.js) running validator schema
2026-05-11 16:26:21.557 -0500 [debug] (validate.js) running validator version-check
2026-05-11 16:26:21.557 -0500 [debug] (validate.js) running validator app-settings
2026-05-11 16:26:21.561 -0500 [error] The local server could not be started due to the following issue(s):
2026-05-11 16:26:21.561 -0500 [error] Platform errors:
2026-05-11 16:26:21.562 -0500 [error] [31m✖[39m no schema with key or ref "http://json-schema.org/draft-04/schema#"
2026-05-11 16:26:21.562 -0500 [error] [31m✖[39m respondOrderStatus does not have definition in server.js
2026-05-11 16:26:21.562 -0500 [error] [31m✖[39m Invalid event configuration in server.js
2026-05-11 16:26:21.562 -0500 [error] [31m✖[39m type domain/api_key is not valid from platform version 3.0. Please use type 'text' in api_key field
2026-05-11 16:26:21.563 -0500 [error] [31m✖[39m Invalid module(s) mentioned in manifest.json: phone_call
2026-05-11 16:26:21.563 -0500 [error] [31m✖[39m Error: no schema with key or ref "http://json-schema.org/draft-04/schema#"
2026-05-11 16:26:21.563 -0500 [error] 
2026-05-11 16:26:21.563 -0500 [error] 
2026-05-11 16:26:21.564 -0500 [warn] Please ensure that the following are addressed for quick review process:
2026-05-11 16:26:21.564 -0500 [warn] [33m⚠[39m iparam 'api_key' appears to be a secure param but it isn't marked as secure.
2026-05-11 16:26:21.564 -0500 [warn] 
2026-05-11 16:26:21.570 -0500 [debug] (report.js) Generating hash for report.json file
2026-05-11 16:34:44.116 -0500 [debug] (configs.js) loaded default configs as "{"updates":{"manifest_url":"https://cdn.freshdev.io/assets/fdk/updates.json","changelog_url":"https://cdn.freshdev.io/assets/fdk/change-log.json","period":24},"log":{"level":"info"},"javascript":{"ecma_version":2020},"request":{"timeout":15000,"maxFilesPerRequest":5},"global_apps":{"enabled":true},"easel":{"enabled":false},"job":{"timeout":120000}}"
2026-05-11 16:34:44.119 -0500 [debug] (configs.js) loaded global configs as "{"global_apps":{"enabled":"true"}}"
2026-05-11 16:34:44.119 -0500 [debug] (configs.js) loaded local configs as "{"request":{"timeout":15000},"job":{"timeout":120000},"global_apps":{"enabled":"true"}}"
2026-05-11 16:34:44.119 -0500 [debug] (configs.js) loaded env configs as "{"updates":{},"log":{},"javascript":{},"request":{"timeout":15000,"maxFilesPerRequest":5},"job":{"timeout":120000}}"
2026-05-11 16:34:44.119 -0500 [debug] (configs.js) loaded resolved configs as "{"updates":{"manifest_url":"https://cdn.freshdev.io/assets/fdk/updates.json","changelog_url":"https://cdn.freshdev.io/assets/fdk/change-log.json","period":24},"log":{"level":"info"},"javascript":{"ecma_version":2020},"request":{"timeout":15000,"maxFilesPerRequest":5},"global_apps":{"enabled":"true"},"easel":{"enabled":false},"job":{"timeout":120000}}"
2026-05-11 16:34:44.119 -0500 [debug] (logger.js) Starting FDK in node v24.11.0 on win32
2026-05-11 16:34:44.119 -0500 [debug] (sequelize.js) setting up sqilite at "C:\Users\ElliottVanDenEng\OneDrive - Pro Serve CS\Documents\Projects\FreshcallerApp/.fdk/store.sqlite"
2026-05-11 16:34:44.119 -0500 [debug] (data.js) Read {"version_details":{"cli":{"deprecated":{"version":"<9","message":"This FDK version has been deprecated. There will be no further feature updates to this version. For a seamless app-building experience, ensure to move to the latest FDK version. For more information, see https://developers.freshworks.com/docs/app-sdk/v2.3/freshdesk/migration-guide/#migrate-to-the-latest-platform-version."},"forced":{"version":"7.0.0","command":"npm install https://dl.freshdev.io/cli/fdk-7.0.0.tgz -g","message":"Your FDK version has been forced updated to v7.0.0, please visit https://community.developers.freshworks.com/t/fdk-v7-0-announcing-node-js-v12-and-es6-support/3606 to know more"},"latest":{"version":"10.1.2","command":"npm install https://cdn.freshdev.io/fdk/latest-v24.tgz -g","message":"You are on the latest FDK version. For information on the features available as part of this FDK version, see https://developers.freshworks.com/docs/?tab=modules."}},"addon":{"version":"2.2.7","url":"https://cdn.freshdev.io/assets/fdk/addons/addon.zip"}},"last_updated":{"time_stamp":1778525817996}}
2026-05-11 16:34:44.119 -0500 [debug] (updater.js) last check less than 24 hours ago, not looking for updates
2026-05-11 16:34:44.124 -0500 [debug] (index.js) running with opts {}
2026-05-11 16:34:44.265 -0500 [debug] (data.js) Read {"version_details":{"cli":{"deprecated":{"version":"<9","message":"This FDK version has been deprecated. There will be no further feature updates to this version. For a seamless app-building experience, ensure to move to the latest FDK version. For more information, see https://developers.freshworks.com/docs/app-sdk/v2.3/freshdesk/migration-guide/#migrate-to-the-latest-platform-version."},"forced":{"version":"7.0.0","command":"npm install https://dl.freshdev.io/cli/fdk-7.0.0.tgz -g","message":"Your FDK version has been forced updated to v7.0.0, please visit https://community.developers.freshworks.com/t/fdk-v7-0-announcing-node-js-v12-and-es6-support/3606 to know more"},"latest":{"version":"10.1.2","command":"npm install https://cdn.freshdev.io/fdk/latest-v24.tgz -g","message":"You are on the latest FDK version. For information on the features available as part of this FDK version, see https://developers.freshworks.com/docs/?tab=modules."}},"addon":{"version":"2.2.7","url":"https://cdn.freshdev.io/assets/fdk/addons/addon.zip"}},"last_updated":{"time_stamp":1778525817996}}
2026-05-11 16:34:44.268 -0500 [debug] (manifest.js) Reloading manifest with {"platform-version":"3.0","modules":{"common":{"events":{"onAppInstall":{"handler":"onAppInstallHandler"},"onAppUninstall":{"handler":"onAppUninstallHandler"}}}},"scripts":{"fdk-unit-test":"vitest run --coverage"},"engines":{"node":"24.11.0","fdk":"10.1.2"}}.
2026-05-11 16:34:44.269 -0500 [debug] (manifest.js) Inferred db,backend as features.
2026-05-11 16:34:44.318 -0500 [debug] (data.js) Read {"version_details":{"cli":{"deprecated":{"version":"<9","message":"This FDK version has been deprecated. There will be no further feature updates to this version. For a seamless app-building experience, ensure to move to the latest FDK version. For more information, see https://developers.freshworks.com/docs/app-sdk/v2.3/freshdesk/migration-guide/#migrate-to-the-latest-platform-version."},"forced":{"version":"7.0.0","command":"npm install https://dl.freshdev.io/cli/fdk-7.0.0.tgz -g","message":"Your FDK version has been forced updated to v7.0.0, please visit https://community.developers.freshworks.com/t/fdk-v7-0-announcing-node-js-v12-and-es6-support/3606 to know more"},"latest":{"version":"10.1.2","command":"npm install https://cdn.freshdev.io/fdk/latest-v24.tgz -g","message":"You are on the latest FDK version. For information on the features available as part of this FDK version, see https://developers.freshworks.com/docs/?tab=modules."}},"addon":{"version":"2.2.7","url":"https://cdn.freshdev.io/assets/fdk/addons/addon.zip"}},"last_updated":{"time_stamp":1778525817996}}
2026-05-11 16:34:44.609 -0500 [debug] (coverage.js) INIT: About to merge initial coverage data with 0 files
2026-05-11 16:34:44.609 -0500 [debug] (coverage.js) INIT: After merge - Files in map: 0
2026-05-11 16:34:44.712 -0500 [debug] (index.js) Initializing AJV schemas from individual files
2026-05-11 16:34:44.712 -0500 [debug] (index.js) Compiling schemas...
2026-05-11 16:34:44.728 -0500 [debug] (index.js) All schemas compiled successfully
2026-05-11 16:34:44.792 -0500 [debug] (index.js) loading model at "C:\Users\ElliottVanDenEng\AppData\Roaming\npm\node_modules\@freshworks\fdk\lib\models\bigint-pivot.js"
2026-05-11 16:34:44.794 -0500 [debug] (index.js) loading model at "C:\Users\ElliottVanDenEng\AppData\Roaming\npm\node_modules\@freshworks\fdk\lib\models\entity-field-choice.js"
2026-05-11 16:34:44.794 -0500 [debug] (index.js) loading model at "C:\Users\ElliottVanDenEng\AppData\Roaming\npm\node_modules\@freshworks\fdk\lib\models\entity-field.js"
2026-05-11 16:34:44.795 -0500 [debug] (index.js) loading model at "C:\Users\ElliottVanDenEng\AppData\Roaming\npm\node_modules\@freshworks\fdk\lib\models\entity.js"
2026-05-11 16:34:44.796 -0500 [debug] (index.js) loading model at "C:\Users\ElliottVanDenEng\AppData\Roaming\npm\node_modules\@freshworks\fdk\lib\models\files.js"
2026-05-11 16:34:44.797 -0500 [debug] (index.js) loading model at "C:\Users\ElliottVanDenEng\AppData\Roaming\npm\node_modules\@freshworks\fdk\lib\models\oauth-details.js"
2026-05-11 16:34:44.798 -0500 [debug] (index.js) loading model at "C:\Users\ElliottVanDenEng\AppData\Roaming\npm\node_modules\@freshworks\fdk\lib\models\record.js"
2026-05-11 16:34:44.800 -0500 [debug] (index.js) loading model at "C:\Users\ElliottVanDenEng\AppData\Roaming\npm\node_modules\@freshworks\fdk\lib\models\string-pivot.js"
2026-05-11 16:34:44.920 -0500 [debug] (index.js) 'schema: ' [object Object]
2026-05-11 16:34:44.928 -0500 [debug] (index.js) 'schema: ' [object Object]
2026-05-11 16:34:44.929 -0500 [debug] (index.js) 'schema: ' [object Object]
2026-05-11 16:34:44.929 -0500 [debug] (index.js) 'schema: ' [object Object]
2026-05-11 16:34:44.932 -0500 [debug] (index.js) 'schema: ' [object Object]
2026-05-11 16:34:44.934 -0500 [debug] (index.js) 'schema: ' [object Object]
2026-05-11 16:34:44.935 -0500 [debug] (index.js) 'schema: ' [object Object]
2026-05-11 16:34:44.943 -0500 [debug] (index.js) 'schema: ' [object Object]
2026-05-11 16:34:44.944 -0500 [debug] (index.js) 'schema: ' [object Object]
2026-05-11 16:34:44.944 -0500 [debug] (index.js) 'schema: ' [object Object]
2026-05-11 16:34:44.951 -0500 [debug] (index.js) 'schema: ' [object Object]
2026-05-11 16:34:44.953 -0500 [debug] (index.js) 'schema: ' [object Object]
2026-05-11 16:34:44.956 -0500 [debug] (index.js) 'schema: ' [object Object]
2026-05-11 16:34:44.957 -0500 [debug] (index.js) 'schema: ' [object Object]
2026-05-11 16:34:44.957 -0500 [debug] (index.js) 'schema: ' [object Object]
2026-05-11 16:34:44.960 -0500 [debug] (index.js) 'schema: ' [object Object]
2026-05-11 16:34:44.962 -0500 [debug] (index.js) 'schema: ' [object Object]
2026-05-11 16:34:44.977 -0500 [debug] (index.js) 'schema: ' [object Object]
2026-05-11 16:34:45.308 -0500 [debug] (data.js) Read {"version_details":{"cli":{"deprecated":{"version":"<9","message":"This FDK version has been deprecated. There will be no further feature updates to this version. For a seamless app-building experience, ensure to move to the latest FDK version. For more information, see https://developers.freshworks.com/docs/app-sdk/v2.3/freshdesk/migration-guide/#migrate-to-the-latest-platform-version."},"forced":{"version":"7.0.0","command":"npm install https://dl.freshdev.io/cli/fdk-7.0.0.tgz -g","message":"Your FDK version has been forced updated to v7.0.0, please visit https://community.developers.freshworks.com/t/fdk-v7-0-announcing-node-js-v12-and-es6-support/3606 to know more"},"latest":{"version":"10.1.2","command":"npm install https://cdn.freshdev.io/fdk/latest-v24.tgz -g","message":"You are on the latest FDK version. For information on the features available as part of this FDK version, see https://developers.freshworks.com/docs/?tab=modules."}},"addon":{"version":"2.2.7","url":"https://cdn.freshdev.io/assets/fdk/addons/addon.zip"}},"last_updated":{"time_stamp":1778525817996}}
2026-05-11 16:34:46.461 -0500 [debug] (validate.js) asked to skip the following validations, 
2026-05-11 16:34:46.462 -0500 [debug] (validate.js) running validator actions
2026-05-11 16:34:46.475 -0500 [debug] (validate.js) running validator requests
2026-05-11 16:34:46.475 -0500 [debug] (validate.js) running validator app-dir
2026-05-11 16:34:46.475 -0500 [debug] (validate.js) running validator config-dir
2026-05-11 16:34:46.475 -0500 [debug] (config-dir.js) Checking to see if C:\Users\ElliottVanDenEng\OneDrive - Pro Serve CS\Documents\Projects\FreshcallerApp/config/ exists.
2026-05-11 16:34:46.476 -0500 [debug] (config-dir.js) Fetched the following config files iparams.json
2026-05-11 16:34:46.476 -0500 [debug] (validate.js) running validator custom-objects
2026-05-11 16:34:46.476 -0500 [debug] (validate.js) running validator event
2026-05-11 16:34:46.477 -0500 [debug] (event.js) Found ["validateVIPCall","onAppInstallHandler","onAppUninstallHandler"] as exported functions.
2026-05-11 16:34:46.478 -0500 [debug] (validate.js) running validator iparam
2026-05-11 16:34:46.484 -0500 [debug] (validate.js) running validator lint
2026-05-11 16:34:46.484 -0500 [debug] (lint.js) passed fix flag: undefined
2026-05-11 16:34:46.488 -0500 [debug] (lint.js) Running the following lints on the file server\lib\handle-response.js : no-eval,no-alert,no-debugger,no-unreachable,no-duplicate-imports,constructor-super,for-direction,no-class-assign,no-new-native-nonconstructor,valid-typeof,no-eq-null,no-var,require-await,no-unreachable-loop,no-redeclare,no-self-assign,no-setter-return,no-shadow-restricted-names,no-this-before-super,no-unsafe-finally,no-unsafe-optional-chaining,no-unused-vars,no-useless-catch,eqeqeq,prefer-const,require-yield,no-global-assign,no-caller,no-process-env,complexity,max-nested-callbacks,handle-callback-err,getter-return,no-async-promise-executor,no-case-declarations,no-compare-neg-zero,no-cond-assign,no-const-assign,no-constant-condition,no-control-regex,no-delete-var,no-dupe-args,no-dupe-class-members,no-dupe-else-if,no-dupe-keys,no-duplicate-case,no-empty,no-empty-character-class,no-empty-pattern,no-ex-assign,no-extra-boolean-cast,no-extra-semi,no-fallthrough,no-func-assign,no-import-assign,no-inner-declarations,no-invalid-regexp,no-irregular-whitespace,no-loss-of-precision,no-misleading-character-class,no-mixed-spaces-and-tabs,no-nonoctal-decimal-escape,no-obj-calls,no-octal,no-prototype-builtins,no-regex-spaces,no-sparse-arrays,no-unexpected-multiline,no-unsafe-negation,no-unused-labels,no-useless-backreference,no-useless-escape,no-with,use-isnan,no-unpkg-cdn,no-proxy-requests,no-unhandled-promise,no-logging-rejections,no-non-client-request-model,no-deprecated-apis,no-dependency-mismatch,no-empty-function
2026-05-11 16:34:46.597 -0500 [debug] (lint.js) Running the following lints on the file server\server.js : no-eval,no-alert,no-debugger,no-unreachable,no-duplicate-imports,constructor-super,for-direction,no-class-assign,no-new-native-nonconstructor,valid-typeof,no-eq-null,no-var,require-await,no-unreachable-loop,no-redeclare,no-self-assign,no-setter-return,no-shadow-restricted-names,no-this-before-super,no-unsafe-finally,no-unsafe-optional-chaining,no-unused-vars,no-useless-catch,eqeqeq,prefer-const,require-yield,no-global-assign,no-caller,no-process-env,complexity,max-nested-callbacks,handle-callback-err,getter-return,no-async-promise-executor,no-case-declarations,no-compare-neg-zero,no-cond-assign,no-const-assign,no-constant-condition,no-control-regex,no-delete-var,no-dupe-args,no-dupe-class-members,no-dupe-else-if,no-dupe-keys,no-duplicate-case,no-empty,no-empty-character-class,no-empty-pattern,no-ex-assign,no-extra-boolean-cast,no-extra-semi,no-fallthrough,no-func-assign,no-import-assign,no-inner-declarations,no-invalid-regexp,no-irregular-whitespace,no-loss-of-precision,no-misleading-character-class,no-mixed-spaces-and-tabs,no-nonoctal-decimal-escape,no-obj-calls,no-octal,no-prototype-builtins,no-regex-spaces,no-sparse-arrays,no-unexpected-multiline,no-unsafe-negation,no-unused-labels,no-useless-backreference,no-useless-escape,no-with,use-isnan,no-unpkg-cdn,no-proxy-requests,no-unhandled-promise,no-logging-rejections,no-non-client-request-model,no-deprecated-apis,no-dependency-mismatch,no-empty-function
2026-05-11 16:34:46.606 -0500 [debug] (validate.js) running validator manifest
2026-05-11 16:34:46.606 -0500 [debug] (validate.js) skipping validator manifest-dependency
2026-05-11 16:34:46.606 -0500 [debug] (validate.js) running validator manifest-scripts
2026-05-11 16:34:46.606 -0500 [debug] (validate.js) running validator oauth
2026-05-11 16:34:46.607 -0500 [debug] (validate.js) skipping validator pkgsize
2026-05-11 16:34:46.607 -0500 [debug] (validate.js) running validator schema
2026-05-11 16:34:46.613 -0500 [debug] (validate.js) running validator version-check
2026-05-11 16:34:46.614 -0500 [debug] (validate.js) running validator app-settings
2026-05-11 16:34:46.617 -0500 [debug] (index.js) error where executing ajv validations Error: validation failed
    at validate33 (eval at compileSchema (C:\Users\ElliottVanDenEng\AppData\Roaming\npm\node_modules\@freshworks\fdk\node_modules\ajv\dist\compile\index.js:89:30), <anonymous>:3:50100)
    at validate (C:\Users\ElliottVanDenEng\AppData\Roaming\npm\node_modules\@freshworks\fdk\lib\utils\validator\index.js:57:11)
    at validateManifestContents (C:\Users\ElliottVanDenEng\AppData\Roaming\npm\node_modules\@freshworks\fdk\lib\validations\manifest.js:366:11)
    at validateManifest (C:\Users\ElliottVanDenEng\AppData\Roaming\npm\node_modules\@freshworks\fdk\lib\validations\manifest.js:734:11)
    at process.processTicksAndRejections (node:internal/process/task_queues:105:5)
    at async Promise.all (index 8)
    at async Object.run (C:\Users\ElliottVanDenEng\AppData\Roaming\npm\node_modules\@freshworks\fdk\lib\cli\validate.js:36:25)
    at async Object.run (C:\Users\ElliottVanDenEng\AppData\Roaming\npm\node_modules\@freshworks\fdk\lib\cli\run.js:227:32)
    at async Command.parseAsync (C:\Users\ElliottVanDenEng\AppData\Roaming\npm\node_modules\@freshworks\fdk\node_modules\commander\lib\command.js:1092:5)
2026-05-11 16:34:46.618 -0500 [error] The local server could not be started due to the following issue(s):
2026-05-11 16:34:46.618 -0500 [error] Platform errors:
2026-05-11 16:34:46.619 -0500 [error] [31m✖[39m /modules should specify at least one module other than common in manifest.json
2026-05-11 16:34:46.619 -0500 [error] [31m✖[39m Atleast one module apart from common module must be mentioned in manifest.json
2026-05-11 16:34:46.619 -0500 [error] 
2026-05-11 16:34:46.619 -0500 [error] 
2026-05-11 16:34:46.626 -0500 [debug] (report.js) Generating hash for report.json file
2026-05-11 16:51:50.846 -0500 [debug] (configs.js) loaded default configs as "{"updates":{"manifest_url":"https://cdn.freshdev.io/assets/fdk/updates.json","changelog_url":"https://cdn.freshdev.io/assets/fdk/change-log.json","period":24},"log":{"level":"info"},"javascript":{"ecma_version":2020},"request":{"timeout":15000,"maxFilesPerRequest":5},"global_apps":{"enabled":true},"easel":{"enabled":false},"job":{"timeout":120000}}"
2026-05-11 16:51:50.848 -0500 [debug] (configs.js) loaded global configs as "{"global_apps":{"enabled":"true"}}"
2026-05-11 16:51:50.848 -0500 [debug] (configs.js) loaded local configs as "{"request":{"timeout":15000},"job":{"timeout":120000},"global_apps":{"enabled":"true"}}"
2026-05-11 16:51:50.848 -0500 [debug] (configs.js) loaded env configs as "{"updates":{},"log":{},"javascript":{},"request":{"timeout":15000,"maxFilesPerRequest":5},"job":{"timeout":120000}}"
2026-05-11 16:51:50.848 -0500 [debug] (configs.js) loaded resolved configs as "{"updates":{"manifest_url":"https://cdn.freshdev.io/assets/fdk/updates.json","changelog_url":"https://cdn.freshdev.io/assets/fdk/change-log.json","period":24},"log":{"level":"info"},"javascript":{"ecma_version":2020},"request":{"timeout":15000,"maxFilesPerRequest":5},"global_apps":{"enabled":"true"},"easel":{"enabled":false},"job":{"timeout":120000}}"
2026-05-11 16:51:50.848 -0500 [debug] (logger.js) Starting FDK in node v24.11.0 on win32
2026-05-11 16:51:50.848 -0500 [debug] (sequelize.js) setting up sqilite at "C:\Users\ElliottVanDenEng\OneDrive - Pro Serve CS\Documents\Projects\FreshcallerApp/.fdk/store.sqlite"
2026-05-11 16:51:50.848 -0500 [debug] (data.js) Read {"version_details":{"cli":{"deprecated":{"version":"<9","message":"This FDK version has been deprecated. There will be no further feature updates to this version. For a seamless app-building experience, ensure to move to the latest FDK version. For more information, see https://developers.freshworks.com/docs/app-sdk/v2.3/freshdesk/migration-guide/#migrate-to-the-latest-platform-version."},"forced":{"version":"7.0.0","command":"npm install https://dl.freshdev.io/cli/fdk-7.0.0.tgz -g","message":"Your FDK version has been forced updated to v7.0.0, please visit https://community.developers.freshworks.com/t/fdk-v7-0-announcing-node-js-v12-and-es6-support/3606 to know more"},"latest":{"version":"10.1.2","command":"npm install https://cdn.freshdev.io/fdk/latest-v24.tgz -g","message":"You are on the latest FDK version. For information on the features available as part of this FDK version, see https://developers.freshworks.com/docs/?tab=modules."}},"addon":{"version":"2.2.7","url":"https://cdn.freshdev.io/assets/fdk/addons/addon.zip"}},"last_updated":{"time_stamp":1778525817996}}
2026-05-11 16:51:50.848 -0500 [debug] (updater.js) last check less than 24 hours ago, not looking for updates
2026-05-11 16:51:50.854 -0500 [debug] (index.js) running with opts {}
2026-05-11 16:51:50.986 -0500 [debug] (data.js) Read {"version_details":{"cli":{"deprecated":{"version":"<9","message":"This FDK version has been deprecated. There will be no further feature updates to this version. For a seamless app-building experience, ensure to move to the latest FDK version. For more information, see https://developers.freshworks.com/docs/app-sdk/v2.3/freshdesk/migration-guide/#migrate-to-the-latest-platform-version."},"forced":{"version":"7.0.0","command":"npm install https://dl.freshdev.io/cli/fdk-7.0.0.tgz -g","message":"Your FDK version has been forced updated to v7.0.0, please visit https://community.developers.freshworks.com/t/fdk-v7-0-announcing-node-js-v12-and-es6-support/3606 to know more"},"latest":{"version":"10.1.2","command":"npm install https://cdn.freshdev.io/fdk/latest-v24.tgz -g","message":"You are on the latest FDK version. For information on the features available as part of this FDK version, see https://developers.freshworks.com/docs/?tab=modules."}},"addon":{"version":"2.2.7","url":"https://cdn.freshdev.io/assets/fdk/addons/addon.zip"}},"last_updated":{"time_stamp":1778525817996}}
2026-05-11 16:51:50.989 -0500 [debug] (manifest.js) Reloading manifest with {"platform-version":"3.0","modules":{"call":{"events":{"onCallCreate":{"handler":"onCallCreateHandler"}}},"common":{"events":{"onAppInstall":{"handler":"onAppInstallHandler"},"onAppUninstall":{"handler":"onAppUninstallHandler"}}}},"engines":{"node":"24.11.0","fdk":"10.1.2"}}.
2026-05-11 16:51:50.990 -0500 [debug] (manifest.js) Inferred db,backend as features.
2026-05-11 16:51:51.031 -0500 [debug] (data.js) Read {"version_details":{"cli":{"deprecated":{"version":"<9","message":"This FDK version has been deprecated. There will be no further feature updates to this version. For a seamless app-building experience, ensure to move to the latest FDK version. For more information, see https://developers.freshworks.com/docs/app-sdk/v2.3/freshdesk/migration-guide/#migrate-to-the-latest-platform-version."},"forced":{"version":"7.0.0","command":"npm install https://dl.freshdev.io/cli/fdk-7.0.0.tgz -g","message":"Your FDK version has been forced updated to v7.0.0, please visit https://community.developers.freshworks.com/t/fdk-v7-0-announcing-node-js-v12-and-es6-support/3606 to know more"},"latest":{"version":"10.1.2","command":"npm install https://cdn.freshdev.io/fdk/latest-v24.tgz -g","message":"You are on the latest FDK version. For information on the features available as part of this FDK version, see https://developers.freshworks.com/docs/?tab=modules."}},"addon":{"version":"2.2.7","url":"https://cdn.freshdev.io/assets/fdk/addons/addon.zip"}},"last_updated":{"time_stamp":1778525817996}}
2026-05-11 16:51:51.332 -0500 [debug] (coverage.js) INIT: About to merge initial coverage data with 0 files
2026-05-11 16:51:51.332 -0500 [debug] (coverage.js) INIT: After merge - Files in map: 0
2026-05-11 16:51:51.423 -0500 [debug] (index.js) Initializing AJV schemas from individual files
2026-05-11 16:51:51.423 -0500 [debug] (index.js) Compiling schemas...
2026-05-11 16:51:51.439 -0500 [debug] (index.js) All schemas compiled successfully
2026-05-11 16:51:51.493 -0500 [debug] (index.js) loading model at "C:\Users\ElliottVanDenEng\AppData\Roaming\npm\node_modules\@freshworks\fdk\lib\models\bigint-pivot.js"
2026-05-11 16:51:51.495 -0500 [debug] (index.js) loading model at "C:\Users\ElliottVanDenEng\AppData\Roaming\npm\node_modules\@freshworks\fdk\lib\models\entity-field-choice.js"
2026-05-11 16:51:51.496 -0500 [debug] (index.js) loading model at "C:\Users\ElliottVanDenEng\AppData\Roaming\npm\node_modules\@freshworks\fdk\lib\models\entity-field.js"
2026-05-11 16:51:51.497 -0500 [debug] (index.js) loading model at "C:\Users\ElliottVanDenEng\AppData\Roaming\npm\node_modules\@freshworks\fdk\lib\models\entity.js"
2026-05-11 16:51:51.498 -0500 [debug] (index.js) loading model at "C:\Users\ElliottVanDenEng\AppData\Roaming\npm\node_modules\@freshworks\fdk\lib\models\files.js"
2026-05-11 16:51:51.498 -0500 [debug] (index.js) loading model at "C:\Users\ElliottVanDenEng\AppData\Roaming\npm\node_modules\@freshworks\fdk\lib\models\oauth-details.js"
2026-05-11 16:51:51.499 -0500 [debug] (index.js) loading model at "C:\Users\ElliottVanDenEng\AppData\Roaming\npm\node_modules\@freshworks\fdk\lib\models\record.js"
2026-05-11 16:51:51.502 -0500 [debug] (index.js) loading model at "C:\Users\ElliottVanDenEng\AppData\Roaming\npm\node_modules\@freshworks\fdk\lib\models\string-pivot.js"
2026-05-11 16:51:51.626 -0500 [debug] (index.js) 'schema: ' [object Object]
2026-05-11 16:51:51.635 -0500 [debug] (index.js) 'schema: ' [object Object]
2026-05-11 16:51:51.636 -0500 [debug] (index.js) 'schema: ' [object Object]
2026-05-11 16:51:51.637 -0500 [debug] (index.js) 'schema: ' [object Object]
2026-05-11 16:51:51.639 -0500 [debug] (index.js) 'schema: ' [object Object]
2026-05-11 16:51:51.641 -0500 [debug] (index.js) 'schema: ' [object Object]
2026-05-11 16:51:51.642 -0500 [debug] (index.js) 'schema: ' [object Object]
2026-05-11 16:51:51.650 -0500 [debug] (index.js) 'schema: ' [object Object]
2026-05-11 16:51:51.650 -0500 [debug] (index.js) 'schema: ' [object Object]
2026-05-11 16:51:51.651 -0500 [debug] (index.js) 'schema: ' [object Object]
2026-05-11 16:51:51.657 -0500 [debug] (index.js) 'schema: ' [object Object]
2026-05-11 16:51:51.660 -0500 [debug] (index.js) 'schema: ' [object Object]
2026-05-11 16:51:51.663 -0500 [debug] (index.js) 'schema: ' [object Object]
2026-05-11 16:51:51.664 -0500 [debug] (index.js) 'schema: ' [object Object]
2026-05-11 16:51:51.664 -0500 [debug] (index.js) 'schema: ' [object Object]
2026-05-11 16:51:51.666 -0500 [debug] (index.js) 'schema: ' [object Object]
2026-05-11 16:51:51.669 -0500 [debug] (index.js) 'schema: ' [object Object]
2026-05-11 16:51:51.684 -0500 [debug] (index.js) 'schema: ' [object Object]
2026-05-11 16:51:52.013 -0500 [debug] (data.js) Read {"version_details":{"cli":{"deprecated":{"version":"<9","message":"This FDK version has been deprecated. There will be no further feature updates to this version. For a seamless app-building experience, ensure to move to the latest FDK version. For more information, see https://developers.freshworks.com/docs/app-sdk/v2.3/freshdesk/migration-guide/#migrate-to-the-latest-platform-version."},"forced":{"version":"7.0.0","command":"npm install https://dl.freshdev.io/cli/fdk-7.0.0.tgz -g","message":"Your FDK version has been forced updated to v7.0.0, please visit https://community.developers.freshworks.com/t/fdk-v7-0-announcing-node-js-v12-and-es6-support/3606 to know more"},"latest":{"version":"10.1.2","command":"npm install https://cdn.freshdev.io/fdk/latest-v24.tgz -g","message":"You are on the latest FDK version. For information on the features available as part of this FDK version, see https://developers.freshworks.com/docs/?tab=modules."}},"addon":{"version":"2.2.7","url":"https://cdn.freshdev.io/assets/fdk/addons/addon.zip"}},"last_updated":{"time_stamp":1778525817996}}
2026-05-11 16:51:53.052 -0500 [debug] (validate.js) asked to skip the following validations, 
2026-05-11 16:51:53.053 -0500 [debug] (validate.js) running validator actions
2026-05-11 16:51:53.060 -0500 [debug] (validate.js) running validator requests
2026-05-11 16:51:53.060 -0500 [debug] (validate.js) running validator app-dir
2026-05-11 16:51:53.060 -0500 [debug] (validate.js) running validator config-dir
2026-05-11 16:51:53.060 -0500 [debug] (config-dir.js) Checking to see if C:\Users\ElliottVanDenEng\OneDrive - Pro Serve CS\Documents\Projects\FreshcallerApp/config/ exists.
2026-05-11 16:51:53.061 -0500 [debug] (config-dir.js) Fetched the following config files iparams.json
2026-05-11 16:51:53.061 -0500 [debug] (validate.js) running validator custom-objects
2026-05-11 16:51:53.061 -0500 [debug] (validate.js) running validator event
2026-05-11 16:51:53.063 -0500 [debug] (event.js) Found ["onTicketCreateHandler","validateVIPCall","onAppInstallHandler","onAppUninstallHandler"] as exported functions.
2026-05-11 16:51:53.063 -0500 [debug] (validate.js) running validator iparam
2026-05-11 16:51:53.068 -0500 [debug] (validate.js) running validator lint
2026-05-11 16:51:53.068 -0500 [debug] (lint.js) passed fix flag: undefined
2026-05-11 16:51:53.072 -0500 [debug] (lint.js) Running the following lints on the file server\lib\handle-response.js : no-eval,no-alert,no-debugger,no-unreachable,no-duplicate-imports,constructor-super,for-direction,no-class-assign,no-new-native-nonconstructor,valid-typeof,no-eq-null,no-var,require-await,no-unreachable-loop,no-redeclare,no-self-assign,no-setter-return,no-shadow-restricted-names,no-this-before-super,no-unsafe-finally,no-unsafe-optional-chaining,no-unused-vars,no-useless-catch,eqeqeq,prefer-const,require-yield,no-global-assign,no-caller,no-process-env,complexity,max-nested-callbacks,handle-callback-err,getter-return,no-async-promise-executor,no-case-declarations,no-compare-neg-zero,no-cond-assign,no-const-assign,no-constant-condition,no-control-regex,no-delete-var,no-dupe-args,no-dupe-class-members,no-dupe-else-if,no-dupe-keys,no-duplicate-case,no-empty,no-empty-character-class,no-empty-pattern,no-ex-assign,no-extra-boolean-cast,no-extra-semi,no-fallthrough,no-func-assign,no-import-assign,no-inner-declarations,no-invalid-regexp,no-irregular-whitespace,no-loss-of-precision,no-misleading-character-class,no-mixed-spaces-and-tabs,no-nonoctal-decimal-escape,no-obj-calls,no-octal,no-prototype-builtins,no-regex-spaces,no-sparse-arrays,no-unexpected-multiline,no-unsafe-negation,no-unused-labels,no-useless-backreference,no-useless-escape,no-with,use-isnan,no-unpkg-cdn,no-proxy-requests,no-unhandled-promise,no-logging-rejections,no-non-client-request-model,no-deprecated-apis,no-dependency-mismatch,no-empty-function
2026-05-11 16:51:53.176 -0500 [debug] (lint.js) Running the following lints on the file server\server.js : no-eval,no-alert,no-debugger,no-unreachable,no-duplicate-imports,constructor-super,for-direction,no-class-assign,no-new-native-nonconstructor,valid-typeof,no-eq-null,no-var,require-await,no-unreachable-loop,no-redeclare,no-self-assign,no-setter-return,no-shadow-restricted-names,no-this-before-super,no-unsafe-finally,no-unsafe-optional-chaining,no-unused-vars,no-useless-catch,eqeqeq,prefer-const,require-yield,no-global-assign,no-caller,no-process-env,complexity,max-nested-callbacks,handle-callback-err,getter-return,no-async-promise-executor,no-case-declarations,no-compare-neg-zero,no-cond-assign,no-const-assign,no-constant-condition,no-control-regex,no-delete-var,no-dupe-args,no-dupe-class-members,no-dupe-else-if,no-dupe-keys,no-duplicate-case,no-empty,no-empty-character-class,no-empty-pattern,no-ex-assign,no-extra-boolean-cast,no-extra-semi,no-fallthrough,no-func-assign,no-import-assign,no-inner-declarations,no-invalid-regexp,no-irregular-whitespace,no-loss-of-precision,no-misleading-character-class,no-mixed-spaces-and-tabs,no-nonoctal-decimal-escape,no-obj-calls,no-octal,no-prototype-builtins,no-regex-spaces,no-sparse-arrays,no-unexpected-multiline,no-unsafe-negation,no-unused-labels,no-useless-backreference,no-useless-escape,no-with,use-isnan,no-unpkg-cdn,no-proxy-requests,no-unhandled-promise,no-logging-rejections,no-non-client-request-model,no-deprecated-apis,no-dependency-mismatch,no-empty-function
2026-05-11 16:51:53.188 -0500 [debug] (validate.js) running validator manifest
2026-05-11 16:51:53.188 -0500 [debug] (validate.js) skipping validator manifest-dependency
2026-05-11 16:51:53.188 -0500 [debug] (validate.js) running validator manifest-scripts
2026-05-11 16:51:53.188 -0500 [debug] (validate.js) running validator oauth
2026-05-11 16:51:53.188 -0500 [debug] (validate.js) skipping validator pkgsize
2026-05-11 16:51:53.188 -0500 [debug] (validate.js) running validator schema
2026-05-11 16:51:53.196 -0500 [debug] (validate.js) running validator version-check
2026-05-11 16:51:53.196 -0500 [debug] (validate.js) running validator app-settings
2026-05-11 16:51:53.200 -0500 [error] The local server could not be started due to the following issue(s):
2026-05-11 16:51:53.200 -0500 [error] Platform errors:
2026-05-11 16:51:53.200 -0500 [error] [31m✖[39m Event callback 'onCallCreateHandler' is not declared for module: call.
2026-05-11 16:51:53.201 -0500 [error] 
2026-05-11 16:51:53.201 -0500 [error] 
2026-05-11 16:51:53.207 -0500 [debug] (report.js) Generating hash for report.json file
2026-05-11 16:53:04.083 -0500 [debug] (configs.js) loaded default configs as "{"updates":{"manifest_url":"https://cdn.freshdev.io/assets/fdk/updates.json","changelog_url":"https://cdn.freshdev.io/assets/fdk/change-log.json","period":24},"log":{"level":"info"},"javascript":{"ecma_version":2020},"request":{"timeout":15000,"maxFilesPerRequest":5},"global_apps":{"enabled":true},"easel":{"enabled":false},"job":{"timeout":120000}}"
2026-05-11 16:53:04.085 -0500 [debug] (configs.js) loaded global configs as "{"global_apps":{"enabled":"true"}}"
2026-05-11 16:53:04.085 -0500 [debug] (configs.js) loaded local configs as "{"request":{"timeout":15000},"job":{"timeout":120000},"global_apps":{"enabled":"true"}}"
2026-05-11 16:53:04.086 -0500 [debug] (configs.js) loaded env configs as "{"updates":{},"log":{},"javascript":{},"request":{"timeout":15000,"maxFilesPerRequest":5},"job":{"timeout":120000}}"
2026-05-11 16:53:04.086 -0500 [debug] (configs.js) loaded resolved configs as "{"updates":{"manifest_url":"https://cdn.freshdev.io/assets/fdk/updates.json","changelog_url":"https://cdn.freshdev.io/assets/fdk/change-log.json","period":24},"log":{"level":"info"},"javascript":{"ecma_version":2020},"request":{"timeout":15000,"maxFilesPerRequest":5},"global_apps":{"enabled":"true"},"easel":{"enabled":false},"job":{"timeout":120000}}"
2026-05-11 16:53:04.086 -0500 [debug] (logger.js) Starting FDK in node v24.11.0 on win32
2026-05-11 16:53:04.086 -0500 [debug] (sequelize.js) setting up sqilite at "C:\Users\ElliottVanDenEng\OneDrive - Pro Serve CS\Documents\Projects\FreshcallerApp/.fdk/store.sqlite"
2026-05-11 16:53:04.086 -0500 [debug] (data.js) Read {"version_details":{"cli":{"deprecated":{"version":"<9","message":"This FDK version has been deprecated. There will be no further feature updates to this version. For a seamless app-building experience, ensure to move to the latest FDK version. For more information, see https://developers.freshworks.com/docs/app-sdk/v2.3/freshdesk/migration-guide/#migrate-to-the-latest-platform-version."},"forced":{"version":"7.0.0","command":"npm install https://dl.freshdev.io/cli/fdk-7.0.0.tgz -g","message":"Your FDK version has been forced updated to v7.0.0, please visit https://community.developers.freshworks.com/t/fdk-v7-0-announcing-node-js-v12-and-es6-support/3606 to know more"},"latest":{"version":"10.1.2","command":"npm install https://cdn.freshdev.io/fdk/latest-v24.tgz -g","message":"You are on the latest FDK version. For information on the features available as part of this FDK version, see https://developers.freshworks.com/docs/?tab=modules."}},"addon":{"version":"2.2.7","url":"https://cdn.freshdev.io/assets/fdk/addons/addon.zip"}},"last_updated":{"time_stamp":1778525817996}}
2026-05-11 16:53:04.086 -0500 [debug] (updater.js) last check less than 24 hours ago, not looking for updates
2026-05-11 16:53:04.089 -0500 [debug] (index.js) running with opts {}
2026-05-11 16:53:04.225 -0500 [debug] (data.js) Read {"version_details":{"cli":{"deprecated":{"version":"<9","message":"This FDK version has been deprecated. There will be no further feature updates to this version. For a seamless app-building experience, ensure to move to the latest FDK version. For more information, see https://developers.freshworks.com/docs/app-sdk/v2.3/freshdesk/migration-guide/#migrate-to-the-latest-platform-version."},"forced":{"version":"7.0.0","command":"npm install https://dl.freshdev.io/cli/fdk-7.0.0.tgz -g","message":"Your FDK version has been forced updated to v7.0.0, please visit https://community.developers.freshworks.com/t/fdk-v7-0-announcing-node-js-v12-and-es6-support/3606 to know more"},"latest":{"version":"10.1.2","command":"npm install https://cdn.freshdev.io/fdk/latest-v24.tgz -g","message":"You are on the latest FDK version. For information on the features available as part of this FDK version, see https://developers.freshworks.com/docs/?tab=modules."}},"addon":{"version":"2.2.7","url":"https://cdn.freshdev.io/assets/fdk/addons/addon.zip"}},"last_updated":{"time_stamp":1778525817996}}
2026-05-11 16:53:04.228 -0500 [debug] (manifest.js) Reloading manifest with {"platform-version":"3.0","modules":{"call":{"events":{"onCallCreate":{"handler":"onCallCreateHandler"}}},"common":{"events":{"onAppInstall":{"handler":"onAppInstallHandler"},"onAppUninstall":{"handler":"onAppUninstallHandler"}}}},"engines":{"node":"24.11.0","fdk":"10.1.2"}}.
2026-05-11 16:53:04.228 -0500 [debug] (manifest.js) Inferred db,backend as features.
2026-05-11 16:53:04.265 -0500 [debug] (data.js) Read {"version_details":{"cli":{"deprecated":{"version":"<9","message":"This FDK version has been deprecated. There will be no further feature updates to this version. For a seamless app-building experience, ensure to move to the latest FDK version. For more information, see https://developers.freshworks.com/docs/app-sdk/v2.3/freshdesk/migration-guide/#migrate-to-the-latest-platform-version."},"forced":{"version":"7.0.0","command":"npm install https://dl.freshdev.io/cli/fdk-7.0.0.tgz -g","message":"Your FDK version has been forced updated to v7.0.0, please visit https://community.developers.freshworks.com/t/fdk-v7-0-announcing-node-js-v12-and-es6-support/3606 to know more"},"latest":{"version":"10.1.2","command":"npm install https://cdn.freshdev.io/fdk/latest-v24.tgz -g","message":"You are on the latest FDK version. For information on the features available as part of this FDK version, see https://developers.freshworks.com/docs/?tab=modules."}},"addon":{"version":"2.2.7","url":"https://cdn.freshdev.io/assets/fdk/addons/addon.zip"}},"last_updated":{"time_stamp":1778525817996}}
2026-05-11 16:53:04.546 -0500 [debug] (coverage.js) INIT: About to merge initial coverage data with 0 files
2026-05-11 16:53:04.547 -0500 [debug] (coverage.js) INIT: After merge - Files in map: 0
2026-05-11 16:53:04.630 -0500 [debug] (index.js) Initializing AJV schemas from individual files
2026-05-11 16:53:04.630 -0500 [debug] (index.js) Compiling schemas...
2026-05-11 16:53:04.645 -0500 [debug] (index.js) All schemas compiled successfully
2026-05-11 16:53:04.700 -0500 [debug] (index.js) loading model at "C:\Users\ElliottVanDenEng\AppData\Roaming\npm\node_modules\@freshworks\fdk\lib\models\bigint-pivot.js"
2026-05-11 16:53:04.701 -0500 [debug] (index.js) loading model at "C:\Users\ElliottVanDenEng\AppData\Roaming\npm\node_modules\@freshworks\fdk\lib\models\entity-field-choice.js"
2026-05-11 16:53:04.702 -0500 [debug] (index.js) loading model at "C:\Users\ElliottVanDenEng\AppData\Roaming\npm\node_modules\@freshworks\fdk\lib\models\entity-field.js"
2026-05-11 16:53:04.703 -0500 [debug] (index.js) loading model at "C:\Users\ElliottVanDenEng\AppData\Roaming\npm\node_modules\@freshworks\fdk\lib\models\entity.js"
2026-05-11 16:53:04.704 -0500 [debug] (index.js) loading model at "C:\Users\ElliottVanDenEng\AppData\Roaming\npm\node_modules\@freshworks\fdk\lib\models\files.js"
2026-05-11 16:53:04.705 -0500 [debug] (index.js) loading model at "C:\Users\ElliottVanDenEng\AppData\Roaming\npm\node_modules\@freshworks\fdk\lib\models\oauth-details.js"
2026-05-11 16:53:04.705 -0500 [debug] (index.js) loading model at "C:\Users\ElliottVanDenEng\AppData\Roaming\npm\node_modules\@freshworks\fdk\lib\models\record.js"
2026-05-11 16:53:04.708 -0500 [debug] (index.js) loading model at "C:\Users\ElliottVanDenEng\AppData\Roaming\npm\node_modules\@freshworks\fdk\lib\models\string-pivot.js"
2026-05-11 16:53:04.810 -0500 [debug] (index.js) 'schema: ' [object Object]
2026-05-11 16:53:04.818 -0500 [debug] (index.js) 'schema: ' [object Object]
2026-05-11 16:53:04.820 -0500 [debug] (index.js) 'schema: ' [object Object]
2026-05-11 16:53:04.821 -0500 [debug] (index.js) 'schema: ' [object Object]
2026-05-11 16:53:04.823 -0500 [debug] (index.js) 'schema: ' [object Object]
2026-05-11 16:53:04.824 -0500 [debug] (index.js) 'schema: ' [object Object]
2026-05-11 16:53:04.825 -0500 [debug] (index.js) 'schema: ' [object Object]
2026-05-11 16:53:04.833 -0500 [debug] (index.js) 'schema: ' [object Object]
2026-05-11 16:53:04.833 -0500 [debug] (index.js) 'schema: ' [object Object]
2026-05-11 16:53:04.834 -0500 [debug] (index.js) 'schema: ' [object Object]
2026-05-11 16:53:04.841 -0500 [debug] (index.js) 'schema: ' [object Object]
2026-05-11 16:53:04.844 -0500 [debug] (index.js) 'schema: ' [object Object]
2026-05-11 16:53:04.847 -0500 [debug] (index.js) 'schema: ' [object Object]
2026-05-11 16:53:04.848 -0500 [debug] (index.js) 'schema: ' [object Object]
2026-05-11 16:53:04.848 -0500 [debug] (index.js) 'schema: ' [object Object]
2026-05-11 16:53:04.851 -0500 [debug] (index.js) 'schema: ' [object Object]
2026-05-11 16:53:04.854 -0500 [debug] (index.js) 'schema: ' [object Object]
2026-05-11 16:53:04.868 -0500 [debug] (index.js) 'schema: ' [object Object]
2026-05-11 16:53:05.208 -0500 [debug] (data.js) Read {"version_details":{"cli":{"deprecated":{"version":"<9","message":"This FDK version has been deprecated. There will be no further feature updates to this version. For a seamless app-building experience, ensure to move to the latest FDK version. For more information, see https://developers.freshworks.com/docs/app-sdk/v2.3/freshdesk/migration-guide/#migrate-to-the-latest-platform-version."},"forced":{"version":"7.0.0","command":"npm install https://dl.freshdev.io/cli/fdk-7.0.0.tgz -g","message":"Your FDK version has been forced updated to v7.0.0, please visit https://community.developers.freshworks.com/t/fdk-v7-0-announcing-node-js-v12-and-es6-support/3606 to know more"},"latest":{"version":"10.1.2","command":"npm install https://cdn.freshdev.io/fdk/latest-v24.tgz -g","message":"You are on the latest FDK version. For information on the features available as part of this FDK version, see https://developers.freshworks.com/docs/?tab=modules."}},"addon":{"version":"2.2.7","url":"https://cdn.freshdev.io/assets/fdk/addons/addon.zip"}},"last_updated":{"time_stamp":1778525817996}}
2026-05-11 16:53:06.241 -0500 [debug] (validate.js) asked to skip the following validations, 
2026-05-11 16:53:06.241 -0500 [debug] (validate.js) running validator actions
2026-05-11 16:53:06.250 -0500 [debug] (validate.js) running validator requests
2026-05-11 16:53:06.251 -0500 [debug] (validate.js) running validator app-dir
2026-05-11 16:53:06.251 -0500 [debug] (validate.js) running validator config-dir
2026-05-11 16:53:06.251 -0500 [debug] (config-dir.js) Checking to see if C:\Users\ElliottVanDenEng\OneDrive - Pro Serve CS\Documents\Projects\FreshcallerApp/config/ exists.
2026-05-11 16:53:06.252 -0500 [debug] (config-dir.js) Fetched the following config files iparams.json
2026-05-11 16:53:06.252 -0500 [debug] (validate.js) running validator custom-objects
2026-05-11 16:53:06.252 -0500 [debug] (validate.js) running validator event
2026-05-11 16:53:06.255 -0500 [debug] (event.js) Found ["onCallCreateHandler","validateVIPCall","onAppInstallHandler","onAppUninstallHandler"] as exported functions.
2026-05-11 16:53:06.255 -0500 [debug] (validate.js) running validator iparam
2026-05-11 16:53:06.260 -0500 [debug] (validate.js) running validator lint
2026-05-11 16:53:06.261 -0500 [debug] (lint.js) passed fix flag: undefined
2026-05-11 16:53:06.265 -0500 [debug] (lint.js) Running the following lints on the file server\lib\handle-response.js : no-eval,no-alert,no-debugger,no-unreachable,no-duplicate-imports,constructor-super,for-direction,no-class-assign,no-new-native-nonconstructor,valid-typeof,no-eq-null,no-var,require-await,no-unreachable-loop,no-redeclare,no-self-assign,no-setter-return,no-shadow-restricted-names,no-this-before-super,no-unsafe-finally,no-unsafe-optional-chaining,no-unused-vars,no-useless-catch,eqeqeq,prefer-const,require-yield,no-global-assign,no-caller,no-process-env,complexity,max-nested-callbacks,handle-callback-err,getter-return,no-async-promise-executor,no-case-declarations,no-compare-neg-zero,no-cond-assign,no-const-assign,no-constant-condition,no-control-regex,no-delete-var,no-dupe-args,no-dupe-class-members,no-dupe-else-if,no-dupe-keys,no-duplicate-case,no-empty,no-empty-character-class,no-empty-pattern,no-ex-assign,no-extra-boolean-cast,no-extra-semi,no-fallthrough,no-func-assign,no-import-assign,no-inner-declarations,no-invalid-regexp,no-irregular-whitespace,no-loss-of-precision,no-misleading-character-class,no-mixed-spaces-and-tabs,no-nonoctal-decimal-escape,no-obj-calls,no-octal,no-prototype-builtins,no-regex-spaces,no-sparse-arrays,no-unexpected-multiline,no-unsafe-negation,no-unused-labels,no-useless-backreference,no-useless-escape,no-with,use-isnan,no-unpkg-cdn,no-proxy-requests,no-unhandled-promise,no-logging-rejections,no-non-client-request-model,no-deprecated-apis,no-dependency-mismatch,no-empty-function
2026-05-11 16:53:06.372 -0500 [debug] (lint.js) Running the following lints on the file server\server.js : no-eval,no-alert,no-debugger,no-unreachable,no-duplicate-imports,constructor-super,for-direction,no-class-assign,no-new-native-nonconstructor,valid-typeof,no-eq-null,no-var,require-await,no-unreachable-loop,no-redeclare,no-self-assign,no-setter-return,no-shadow-restricted-names,no-this-before-super,no-unsafe-finally,no-unsafe-optional-chaining,no-unused-vars,no-useless-catch,eqeqeq,prefer-const,require-yield,no-global-assign,no-caller,no-process-env,complexity,max-nested-callbacks,handle-callback-err,getter-return,no-async-promise-executor,no-case-declarations,no-compare-neg-zero,no-cond-assign,no-const-assign,no-constant-condition,no-control-regex,no-delete-var,no-dupe-args,no-dupe-class-members,no-dupe-else-if,no-dupe-keys,no-duplicate-case,no-empty,no-empty-character-class,no-empty-pattern,no-ex-assign,no-extra-boolean-cast,no-extra-semi,no-fallthrough,no-func-assign,no-import-assign,no-inner-declarations,no-invalid-regexp,no-irregular-whitespace,no-loss-of-precision,no-misleading-character-class,no-mixed-spaces-and-tabs,no-nonoctal-decimal-escape,no-obj-calls,no-octal,no-prototype-builtins,no-regex-spaces,no-sparse-arrays,no-unexpected-multiline,no-unsafe-negation,no-unused-labels,no-useless-backreference,no-useless-escape,no-with,use-isnan,no-unpkg-cdn,no-proxy-requests,no-unhandled-promise,no-logging-rejections,no-non-client-request-model,no-deprecated-apis,no-dependency-mismatch,no-empty-function
2026-05-11 16:53:06.382 -0500 [debug] (validate.js) running validator manifest
2026-05-11 16:53:06.383 -0500 [debug] (validate.js) skipping validator manifest-dependency
2026-05-11 16:53:06.383 -0500 [debug] (validate.js) running validator manifest-scripts
2026-05-11 16:53:06.383 -0500 [debug] (validate.js) running validator oauth
2026-05-11 16:53:06.383 -0500 [debug] (validate.js) skipping validator pkgsize
2026-05-11 16:53:06.383 -0500 [debug] (validate.js) running validator schema
2026-05-11 16:53:06.390 -0500 [debug] (validate.js) running validator version-check
2026-05-11 16:53:06.391 -0500 [debug] (validate.js) running validator app-settings
2026-05-11 16:53:06.402 -0500 [debug] (watcher.js) Preparing to watch the following files ./config,./manifest.json
2026-05-11 16:53:06.555 -0500 [debug] (install.js) dependency installer called with {}
2026-05-11 16:53:06.556 -0500 [debug] (data.js) Read {"report_hash":"625aaf5649652741dee6152a35b6daa1d51776ec4a2b67a8d38ce9d5a1b88408"}
2026-05-11 16:53:06.556 -0500 [debug] (custom-objects.js) to force or not? undefined
2026-05-11 16:53:06.556 -0500 [debug] (custom-objects.js) beginning to re-sync db
2026-05-11 16:53:06.723 -0500 [debug] (data.js) Read {"report_hash":"625aaf5649652741dee6152a35b6daa1d51776ec4a2b67a8d38ce9d5a1b88408"}
2026-05-11 16:53:06.724 -0500 [debug] (custom-objects.js) updated local store with latest entity hash
2026-05-11 16:53:06.724 -0500 [debug] (run.js) migrate stored oauth configs from localstore to sqlite
2026-05-11 16:53:06.725 -0500 [debug] (data.js) Read {"report_hash":"625aaf5649652741dee6152a35b6daa1d51776ec4a2b67a8d38ce9d5a1b88408"}
2026-05-11 16:53:06.726 -0500 [debug] (data.js) Read {"report_hash":"625aaf5649652741dee6152a35b6daa1d51776ec4a2b67a8d38ce9d5a1b88408"}
2026-05-11 16:53:06.726 -0500 [debug] (oauth.js) app without oauth configs, skipping oauth configs migration
2026-05-11 16:53:06.726 -0500 [debug] (data.js) Read {"report_hash":"625aaf5649652741dee6152a35b6daa1d51776ec4a2b67a8d38ce9d5a1b88408"}
2026-05-11 16:53:06.727 -0500 [debug] (oauth.js) successfully migrated all oauths: 
2026-05-11 16:53:06.727 -0500 [debug] (data.js) Read {"report_hash":"625aaf5649652741dee6152a35b6daa1d51776ec4a2b67a8d38ce9d5a1b88408","freshc_101_101_migrate_oauth_status":true}
2026-05-11 16:53:06.729 -0500 [info] Starting local testing server at http://*:10001/    
Append 'dev=true' to your current host URL to start testing    
     
e.g:     
2026-05-11 16:53:06.729 -0500 [info]   https://domain.freshcaller.com/dashboard?dev=true
2026-05-11 16:53:06.729 -0500 [info] 
Quit the server with Control-C.
2026-05-11 16:53:06.731 -0500 [info] 
To test the installation page, visit - http://localhost:10001/custom_configs
2026-05-11 16:53:06.731 -0500 [info] 
To simulate product, app setup, and external events, visit - http://localhost:10001/web/test
2026-05-11 16:53:06.731 -0500 [info] Populating test data with events found in the app
2026-05-11 17:01:42.766 -0500 [debug] (configs.js) loaded default configs as "{"updates":{"manifest_url":"https://cdn.freshdev.io/assets/fdk/updates.json","changelog_url":"https://cdn.freshdev.io/assets/fdk/change-log.json","period":24},"log":{"level":"info"},"javascript":{"ecma_version":2020},"request":{"timeout":15000,"maxFilesPerRequest":5},"global_apps":{"enabled":true},"easel":{"enabled":false},"job":{"timeout":120000}}"
2026-05-11 17:01:42.768 -0500 [debug] (configs.js) loaded global configs as "{"global_apps":{"enabled":"true"}}"
2026-05-11 17:01:42.768 -0500 [debug] (configs.js) loaded local configs as "{"request":{"timeout":15000},"job":{"timeout":120000},"global_apps":{"enabled":"true"}}"
2026-05-11 17:01:42.768 -0500 [debug] (configs.js) loaded env configs as "{"updates":{},"log":{},"javascript":{},"request":{"timeout":15000,"maxFilesPerRequest":5},"job":{"timeout":120000}}"
2026-05-11 17:01:42.768 -0500 [debug] (configs.js) loaded resolved configs as "{"updates":{"manifest_url":"https://cdn.freshdev.io/assets/fdk/updates.json","changelog_url":"https://cdn.freshdev.io/assets/fdk/change-log.json","period":24},"log":{"level":"info"},"javascript":{"ecma_version":2020},"request":{"timeout":15000,"maxFilesPerRequest":5},"global_apps":{"enabled":"true"},"easel":{"enabled":false},"job":{"timeout":120000}}"
2026-05-11 17:01:42.768 -0500 [debug] (logger.js) Starting FDK in node v24.11.0 on win32
2026-05-11 17:01:42.769 -0500 [debug] (sequelize.js) setting up sqilite at "C:\Users\ElliottVanDenEng\OneDrive - Pro Serve CS\Documents\Projects\FreshcallerApp/.fdk/store.sqlite"
2026-05-11 17:01:42.769 -0500 [debug] (data.js) Read {"version_details":{"cli":{"deprecated":{"version":"<9","message":"This FDK version has been deprecated. There will be no further feature updates to this version. For a seamless app-building experience, ensure to move to the latest FDK version. For more information, see https://developers.freshworks.com/docs/app-sdk/v2.3/freshdesk/migration-guide/#migrate-to-the-latest-platform-version."},"forced":{"version":"7.0.0","command":"npm install https://dl.freshdev.io/cli/fdk-7.0.0.tgz -g","message":"Your FDK version has been forced updated to v7.0.0, please visit https://community.developers.freshworks.com/t/fdk-v7-0-announcing-node-js-v12-and-es6-support/3606 to know more"},"latest":{"version":"10.1.2","command":"npm install https://cdn.freshdev.io/fdk/latest-v24.tgz -g","message":"You are on the latest FDK version. For information on the features available as part of this FDK version, see https://developers.freshworks.com/docs/?tab=modules."}},"addon":{"version":"2.2.7","url":"https://cdn.freshdev.io/assets/fdk/addons/addon.zip"}},"last_updated":{"time_stamp":1778525817996}}
2026-05-11 17:01:42.769 -0500 [debug] (updater.js) last check less than 24 hours ago, not looking for updates
2026-05-11 17:01:42.771 -0500 [debug] (index.js) running with opts {}
2026-05-11 17:01:42.787 -0500 [debug] (data.js) Read {"version_details":{"cli":{"deprecated":{"version":"<9","message":"This FDK version has been deprecated. There will be no further feature updates to this version. For a seamless app-building experience, ensure to move to the latest FDK version. For more information, see https://developers.freshworks.com/docs/app-sdk/v2.3/freshdesk/migration-guide/#migrate-to-the-latest-platform-version."},"forced":{"version":"7.0.0","command":"npm install https://dl.freshdev.io/cli/fdk-7.0.0.tgz -g","message":"Your FDK version has been forced updated to v7.0.0, please visit https://community.developers.freshworks.com/t/fdk-v7-0-announcing-node-js-v12-and-es6-support/3606 to know more"},"latest":{"version":"10.1.2","command":"npm install https://cdn.freshdev.io/fdk/latest-v24.tgz -g","message":"You are on the latest FDK version. For information on the features available as part of this FDK version, see https://developers.freshworks.com/docs/?tab=modules."}},"addon":{"version":"2.2.7","url":"https://cdn.freshdev.io/assets/fdk/addons/addon.zip"}},"last_updated":{"time_stamp":1778525817996}}
2026-05-11 17:01:42.791 -0500 [debug] (manifest.js) Reloading manifest with {"platform-version":"3.0","modules":{"call":{"events":{"onCallCreate":{"handler":"onCallCreateHandler"}}},"common":{"events":{"onAppInstall":{"handler":"onAppInstallHandler"},"onAppUninstall":{"handler":"onAppUninstallHandler"}}}},"engines":{"node":"24.11.0","fdk":"10.1.2"},"scripts":{"fdk-unit-test":"vitest run --coverage"}}.
2026-05-11 17:01:42.791 -0500 [debug] (manifest.js) Inferred db,backend as features.
2026-05-11 17:01:42.794 -0500 [debug] (data.js) Read {"version_details":{"cli":{"deprecated":{"version":"<9","message":"This FDK version has been deprecated. There will be no further feature updates to this version. For a seamless app-building experience, ensure to move to the latest FDK version. For more information, see https://developers.freshworks.com/docs/app-sdk/v2.3/freshdesk/migration-guide/#migrate-to-the-latest-platform-version."},"forced":{"version":"7.0.0","command":"npm install https://dl.freshdev.io/cli/fdk-7.0.0.tgz -g","message":"Your FDK version has been forced updated to v7.0.0, please visit https://community.developers.freshworks.com/t/fdk-v7-0-announcing-node-js-v12-and-es6-support/3606 to know more"},"latest":{"version":"10.1.2","command":"npm install https://cdn.freshdev.io/fdk/latest-v24.tgz -g","message":"You are on the latest FDK version. For information on the features available as part of this FDK version, see https://developers.freshworks.com/docs/?tab=modules."}},"addon":{"version":"2.2.7","url":"https://cdn.freshdev.io/assets/fdk/addons/addon.zip"}},"last_updated":{"time_stamp":1778525817996}}
2026-05-11 17:01:43.078 -0500 [debug] (coverage.js) INIT: About to merge initial coverage data with 0 files
2026-05-11 17:01:43.078 -0500 [debug] (coverage.js) INIT: After merge - Files in map: 0
2026-05-11 17:01:43.162 -0500 [debug] (index.js) Initializing AJV schemas from individual files
2026-05-11 17:01:43.162 -0500 [debug] (index.js) Compiling schemas...
2026-05-11 17:01:43.177 -0500 [debug] (index.js) All schemas compiled successfully
2026-05-11 17:01:43.521 -0500 [debug] (index.js) 'schema: ' [object Object]
2026-05-11 17:01:43.528 -0500 [debug] (index.js) 'schema: ' [object Object]
2026-05-11 17:01:43.529 -0500 [debug] (index.js) 'schema: ' [object Object]
2026-05-11 17:01:43.529 -0500 [debug] (index.js) 'schema: ' [object Object]
2026-05-11 17:01:43.531 -0500 [debug] (index.js) 'schema: ' [object Object]
2026-05-11 17:01:43.533 -0500 [debug] (index.js) 'schema: ' [object Object]
2026-05-11 17:01:43.534 -0500 [debug] (index.js) 'schema: ' [object Object]
2026-05-11 17:01:43.539 -0500 [debug] (index.js) 'schema: ' [object Object]
2026-05-11 17:01:43.540 -0500 [debug] (index.js) 'schema: ' [object Object]
2026-05-11 17:01:43.540 -0500 [debug] (index.js) 'schema: ' [object Object]
2026-05-11 17:01:43.545 -0500 [debug] (index.js) 'schema: ' [object Object]
2026-05-11 17:01:43.546 -0500 [debug] (index.js) 'schema: ' [object Object]
2026-05-11 17:01:43.549 -0500 [debug] (index.js) 'schema: ' [object Object]
2026-05-11 17:01:43.550 -0500 [debug] (index.js) 'schema: ' [object Object]
2026-05-11 17:01:43.550 -0500 [debug] (index.js) 'schema: ' [object Object]
2026-05-11 17:01:43.552 -0500 [debug] (index.js) 'schema: ' [object Object]
2026-05-11 17:01:43.554 -0500 [debug] (index.js) 'schema: ' [object Object]
2026-05-11 17:01:43.565 -0500 [debug] (index.js) 'schema: ' [object Object]
2026-05-11 17:01:44.325 -0500 [debug] (validate.js) asked to skip the following validations, 
2026-05-11 17:01:44.326 -0500 [debug] (validate.js) running validator actions
2026-05-11 17:01:44.335 -0500 [debug] (validate.js) running validator requests
2026-05-11 17:01:44.335 -0500 [debug] (validate.js) running validator app-dir
2026-05-11 17:01:44.335 -0500 [debug] (validate.js) running validator config-dir
2026-05-11 17:01:44.335 -0500 [debug] (config-dir.js) Checking to see if C:\Users\ElliottVanDenEng\OneDrive - Pro Serve CS\Documents\Projects\FreshcallerApp/config/ exists.
2026-05-11 17:01:44.336 -0500 [debug] (config-dir.js) Fetched the following config files iparams.json
2026-05-11 17:01:44.336 -0500 [debug] (validate.js) running validator custom-objects
2026-05-11 17:01:44.336 -0500 [debug] (validate.js) running validator event
2026-05-11 17:01:44.339 -0500 [debug] (event.js) Found ["onCallCreateHandler","validateVIPCall","onAppInstallHandler","onAppUninstallHandler"] as exported functions.
2026-05-11 17:01:44.340 -0500 [debug] (validate.js) running validator iparam
2026-05-11 17:01:44.346 -0500 [debug] (validate.js) running validator lint
2026-05-11 17:01:44.346 -0500 [debug] (lint.js) passed fix flag: undefined
2026-05-11 17:01:44.352 -0500 [debug] (lint.js) Running the following lints on the file server\lib\handle-response.js : no-eval,no-alert,no-debugger,no-unreachable,no-duplicate-imports,constructor-super,for-direction,no-class-assign,no-new-native-nonconstructor,valid-typeof,no-eq-null,no-var,require-await,no-unreachable-loop,no-redeclare,no-self-assign,no-setter-return,no-shadow-restricted-names,no-this-before-super,no-unsafe-finally,no-unsafe-optional-chaining,no-unused-vars,no-useless-catch,eqeqeq,prefer-const,require-yield,no-global-assign,no-caller,no-process-env,complexity,max-nested-callbacks,handle-callback-err,getter-return,no-async-promise-executor,no-case-declarations,no-compare-neg-zero,no-cond-assign,no-const-assign,no-constant-condition,no-control-regex,no-delete-var,no-dupe-args,no-dupe-class-members,no-dupe-else-if,no-dupe-keys,no-duplicate-case,no-empty,no-empty-character-class,no-empty-pattern,no-ex-assign,no-extra-boolean-cast,no-extra-semi,no-fallthrough,no-func-assign,no-import-assign,no-inner-declarations,no-invalid-regexp,no-irregular-whitespace,no-loss-of-precision,no-misleading-character-class,no-mixed-spaces-and-tabs,no-nonoctal-decimal-escape,no-obj-calls,no-octal,no-prototype-builtins,no-regex-spaces,no-sparse-arrays,no-unexpected-multiline,no-unsafe-negation,no-unused-labels,no-useless-backreference,no-useless-escape,no-with,use-isnan,no-unpkg-cdn,no-proxy-requests,no-unhandled-promise,no-logging-rejections,no-non-client-request-model,no-deprecated-apis,no-dependency-mismatch,no-empty-function
2026-05-11 17:01:44.497 -0500 [debug] (lint.js) Running the following lints on the file server\server.js : no-eval,no-alert,no-debugger,no-unreachable,no-duplicate-imports,constructor-super,for-direction,no-class-assign,no-new-native-nonconstructor,valid-typeof,no-eq-null,no-var,require-await,no-unreachable-loop,no-redeclare,no-self-assign,no-setter-return,no-shadow-restricted-names,no-this-before-super,no-unsafe-finally,no-unsafe-optional-chaining,no-unused-vars,no-useless-catch,eqeqeq,prefer-const,require-yield,no-global-assign,no-caller,no-process-env,complexity,max-nested-callbacks,handle-callback-err,getter-return,no-async-promise-executor,no-case-declarations,no-compare-neg-zero,no-cond-assign,no-const-assign,no-constant-condition,no-control-regex,no-delete-var,no-dupe-args,no-dupe-class-members,no-dupe-else-if,no-dupe-keys,no-duplicate-case,no-empty,no-empty-character-class,no-empty-pattern,no-ex-assign,no-extra-boolean-cast,no-extra-semi,no-fallthrough,no-func-assign,no-import-assign,no-inner-declarations,no-invalid-regexp,no-irregular-whitespace,no-loss-of-precision,no-misleading-character-class,no-mixed-spaces-and-tabs,no-nonoctal-decimal-escape,no-obj-calls,no-octal,no-prototype-builtins,no-regex-spaces,no-sparse-arrays,no-unexpected-multiline,no-unsafe-negation,no-unused-labels,no-useless-backreference,no-useless-escape,no-with,use-isnan,no-unpkg-cdn,no-proxy-requests,no-unhandled-promise,no-logging-rejections,no-non-client-request-model,no-deprecated-apis,no-dependency-mismatch,no-empty-function
2026-05-11 17:01:44.518 -0500 [debug] (validate.js) running validator manifest
2026-05-11 17:01:44.518 -0500 [debug] (validate.js) running validator manifest-dependency
2026-05-11 17:01:44.518 -0500 [debug] (validate.js) skipping validator manifest-scripts
2026-05-11 17:01:44.518 -0500 [debug] (validate.js) running validator oauth
2026-05-11 17:01:44.518 -0500 [debug] (validate.js) skipping validator pkgsize
2026-05-11 17:01:44.518 -0500 [debug] (validate.js) skipping validator schema
2026-05-11 17:01:44.518 -0500 [debug] (validate.js) running validator version-check
2026-05-11 17:01:44.519 -0500 [debug] (validate.js) running validator app-settings
2026-05-11 17:01:44.522 -0500 [info] ================================================================
2026-05-11 17:01:44.522 -0500 [info] |                      Validation Summary                      |
2026-05-11 17:01:44.523 -0500 [info] ================================================================
2026-05-11 17:01:44.523 -0500 [info] | [1;31mTotal Platform Errors: 0[0m                                     |
2026-05-11 17:01:44.523 -0500 [info] | [1;31mTotal Lint Errors    : 0[0m                                     |
2026-05-11 17:01:44.524 -0500 [info] | [1;33mTotal Warnings       : 0[0m                                     |
2026-05-11 17:01:44.524 -0500 [info] ================================================================

2026-05-11 17:01:44.524 -0500 [info] [32m✔[39m Validation Successful
2026-05-11 17:01:44.563 -0500 [debug] (report.js) Generating hash for report.json file
